Wildfire_Probability,FormattedDate,Stn Id (location),Precip (in),precip30 (in),precip60 (in),precip90 (in),Avg Air Temp (F),Avg Rel Hum (%)
1,20130224,183,0,0.13,0.31,0.34,41,29
1,20130420,199,0,0,0.85,2.11,47.2,33
1,20130430,77,0,1.04,2.76,3.12,70.9,24
1,20130430,188,0,0.32,0.32,0.32,69.3,39
1,20130501,8,0,0.33,1.09,1.24,76,15
1,20130501,238,0,0.06,0.06,0.06,69,43
1,20130501,238,0,0.06,0.06,0.06,69,43
1,20130501,126,0,0.29,0.76,1.4,60.7,60
1,20130503,103,0,1.01,3.43,3.83,64.4,47
1,20130504,32,0,0.57,1.53,1.73,73.1,32
1,20130513,192,0,0,0,0,62.8,49
1,20130515,118,0,0,0,0,81.2,27
1,20130515,198,0,0.14,0.15,1.12,48.1,92
1,20130516,218,0,0,0,0,81,34
1,20130517,204,0,0.28,0.28,1.12,61.9,64
1,20130519,163,0.02,0.73,0.98,1.66,66.7,44
1,20130520,238,0,0.99,0.99,0.99,73.9,39
1,20130520,188,0,0.06,0.38,0.38,69,45
1,20130521,125,0,0.48,0.76,1.63,75.9,31
1,20130522,147,0,0,0,0,62.8,79
1,20130523,207,0,0,0,0,72.6,24
1,20130525,238,0.02,1.05,1.06,1.06,62.2,56
1,20130525,163,0.02,0.71,0.99,1.52,53.3,61
1,20130526,207,0,0,0,0,76.3,27
1,20130527,70,0,0.02,1.48,1.74,61.3,71
1,20130528,204,0,0.28,0.28,0.95,69.9,40
1,20130528,64,0,0.06,0.22,0.89,61.9,71
1,20130530,191,0,0,0.46,0.9,61.8,53
1,20130530,94,0,0.22,1.72,3.08,67.8,53
1,20130601,202,0.03,0.87,1.5,2.48,55.6,77
1,20130602,194,0,0,0.37,1.25,76.3,45
1,20130603,12,0,0.27,0.82,4.24,77.7,52
1,20130604,56,0,0,0,1.03,69,58
1,20130605,85,0,0.11,0.27,1.74,65.1,64
1,20130608,238,0,0.39,1.12,1.12,70,60
1,20130608,204,0,0,0.28,0.28,67.4,62
1,20130609,238,0,0.27,1.12,1.12,69.6,55
1,20130610,188,0,0,0.06,0.38,67.3,64
1,20130610,139,0,0.01,0.7,1.68,62.8,66
1,20130610,139,0,0.01,0.7,1.68,62.8,66
1,20130610,144,0,0,0,1.64,59.2,80
1,20130612,195,0,0,0.04,2.49,72.8,44
1,20130612,32,0,0.06,0.27,1.63,72.2,51
1,20130613,142,0,0.9,1.28,1.49,73.2,24
1,20130613,80,0,0,0.07,0.56,78.3,25
1,20130613,227,0,0.11,0.3,2.62,61.7,40
1,20130614,44,0,0,0.25,0.25,67.7,60
1,20130616,188,0,0,0.06,0.38,73.1,38
1,20130616,148,0,0.11,0.13,1.1,73.6,38
1,20130617,80,0,0,0.07,0.56,80.1,32
1,20130618,212,0,0.02,0.13,1.11,63.3,57
1,20130620,85,0,0.03,0.11,1.22,60.3,49
1,20130625,142,0,0.9,1.28,1.49,78.2,45
1,20130628,199,0,0,0.64,0.64,66.5,32
1,20130629,113,0,0.07,0.15,0.28,77,39
1,20130701,170,0,0,0,0.49,86.8,37
1,20130701,170,0,0,0,0.49,86.8,37
1,20130703,90,0,0.31,1.68,2.45,77.2,47
1,20130704,8,0,0.5,1.16,1.26,91,29
1,20130704,191,0,0,0,0.18,83,38
1,20130706,207,0,0,0,0,91.8,28
1,20130706,191,0,0,0,0.18,66.7,58
1,20130707,163,0,0,0.44,1.08,64.8,53
1,20130708,13,0,0,0,0.35,77.1,29
1,20130708,84,0,0.6,0.64,0.96,79,40
1,20130709,224,0,2.25,3.22,3.28,77.2,35
1,20130712,161,0,0.02,0.36,0.38,70.8,53
1,20130712,211,0,0.08,0.08,0.08,62.6,70
1,20130715,118,0,0,0,0,94,23
1,20130717,238,0.01,0.49,0.65,1.63,77.4,24
1,20130719,228,0,0.66,0.86,1.49,87.1,22
1,20130719,125,0,0.04,0.2,0.64,82.8,33
1,20130719,238,0,0.51,0.66,1.65,78.1,42
1,20130719,131,0,0,0,0,79.7,42
1,20130719,44,0,0.03,0.03,0.28,75.6,48
1,20130719,8,0,0.49,0.6,1.16,78.5,54
1,20130722,106,0,0,0,0,69.4,51
1,20130722,86,0.04,0.06,0.08,0.53,82.1,66
1,20130723,125,0,0,0.16,0.64,85.1,40
1,20130723,194,0,0.07,0.07,0.07,74.2,45
1,20130725,192,0,0,0,0,69.1,48
1,20130726,144,0,0,0,0,58.7,85
1,20130728,147,0,0,0,0,65,80
1,20130731,91,0,0.04,1.35,2.61,66,49
1,20130801,12,0,0,0.6,0.87,67,100
1,20130803,224,0,0,2.25,3.28,74.6,36
1,20130804,238,0,0.2,0.55,1.53,73.7,46
1,20130805,227,0,0,0.4,0.56,66.3,36
1,20130805,62,0,0.01,0.03,0.1,66.6,70
1,20130806,44,0,0.34,0.36,0.36,70.7,48
1,20130807,57,0,0.08,0.22,0.23,72.6,21
1,20130807,85,0,0,0.04,0.07,59.7,73
1,20130808,117,0,0,0,0,73.6,19
1,20130809,238,0,0.15,0.55,0.82,70.6,47
1,20130810,224,0,0,2.25,3.22,71,46
1,20130810,195,0,0,0,0,71.3,51
1,20130814,224,0,0,2.25,3.22,77.4,32
1,20130815,91,0,0.04,1.31,1.67,66.3,42
1,20130816,228,0,0.02,0.68,0.88,83.3,24
1,20130816,218,0,0,0,0,94.9,27
1,20130816,192,0,0,0,0,70.4,42
1,20130816,12,0,0,0.38,0.69,74.2,47
1,20130817,148,0,0,0.01,0.12,79.8,39
1,20130817,194,0,0,0.07,0.07,75.4,49
1,20130817,32,0,0,0.1,0.16,79.2,53
1,20130818,57,0,0.1,0.18,0.25,80.8,23
1,20130818,13,0,0,0,0,80.6,29
1,20130819,43,0.24,0.24,1.01,1.24,72.5,52
1,20130820,192,0,0,0,0,68.6,39
1,20130823,8,0,0.01,0.5,0.61,72.5,58
1,20130824,199,0,0.21,0.86,0.86,59.4,37
1,20130824,138,0,0,0,0,75.1,38
1,20130824,86,0,0.09,0.15,0.17,77.5,47
1,20130831,84,0,0,0.01,0.61,81.4,33
1,20130831,12,0,0,0,0.6,75.5,66
1,20130905,160,0,0,0.01,0.03,60.5,80
1,20130907,90,0,0.52,0.52,0.83,59.6,38
1,20130907,178,0,0,0,0,70.5,45
1,20130908,90,0,0.43,0.52,0.83,61.7,38
1,20130908,170,0,0,0,0,71.9,52
1,20130909,224,0,0,0,2.25,83.9,25
1,20130909,192,0,0,0,0,65,38
1,20130911,147,0,0,0,0,67.1,48
1,20130915,85,0,0,0,0.04,64.1,64
1,20130923,159,0,0,0,0,73.5,36
1,20130924,192,0,0,0,0,56.9,26
1,20130924,142,0,0.16,0.17,0.84,70.5,41
1,20130928,106,0,0,0,0,60.3,57
1,20131004,77,0,0,0,0,70.5,17
1,20131004,158,0,0,0,0,66.7,24
1,20131004,12,0,0.98,0.98,0.98,65.9,27
1,20131005,75,0,0.22,0.22,0.31,78.3,10
1,20131006,153,0,0,0,0.04,65.5,30
1,20131104,196,0,0.04,0.04,0.04,61.9,25
1,20131107,224,0,0.11,1.07,1.07,54.6,54
1,20131108,163,0,0,0,0,51,47
1,20131108,103,0,0.02,0.02,0.02,51.3,69
1,20131114,198,0,0,0,0,62.9,58
1,20131121,77,0,1.12,1.12,1.12,56.3,39
1,20131122,85,0,0.09,0.09,0.12,61.7,11
1,20131122,103,0,1.28,1.28,1.28,65.3,11
1,20131123,85,0,0.09,0.09,0.12,57.2,21
1,20131123,85,0,0.09,0.09,0.12,57.2,21
1,20131231,211,0,0.43,0.95,1.08,44.6,53
1,20140102,8,0,0.19,1.14,1.14,47.5,56
1,20140104,224,0,0.34,1.82,1.93,53.1,22
1,20140116,159,0,0.33,1.16,1.27,64.8,18
1,20140125,142,0,0,0.34,0.85,56.9,25
1,20140308,147,0,1.77,2.22,2.22,64.4,38
1,20140319,214,0,0.51,1.54,1.55,58.7,49
1,20140328,218,0,0,0,0,66,41
1,20140419,35,0,0.15,1,1.16,60.4,36
1,20140430,192,0,0,0.68,3.09,54.8,19
1,20140430,113,0,0.77,1.45,3.78,77.6,22
1,20140505,147,0,0.21,0.57,2.34,60.6,73
1,20140513,173,0,0.04,0.24,1.86,77.4,20
1,20140513,231,0,0.08,0.95,0.97,66.2,34
1,20140514,150,0,0.26,0.66,2.42,78.9,17
1,20140514,173,0,0.04,0.24,1.86,77.3,23
1,20140514,224,0,0.13,3.12,9.63,73.1,34
1,20140514,153,0,0.27,0.66,2.41,79.4,48
1,20140514,153,0,0.27,0.66,2.41,79.4,48
1,20140514,153,0,0.27,0.66,2.41,79.4,48
1,20140525,85,0,0.03,0.39,0.9,69.2,39
1,20140604,194,0,0,0.24,2.26,72.6,45
1,20140605,194,0,0,0.24,2.06,76.2,37
1,20140609,80,0,0.19,0.88,1.68,86.2,34
1,20140610,139,0,0,0.36,3.11,81.1,33
1,20140611,142,0,0,0.85,1.74,81.3,30
1,20140612,8,0,0.47,0.52,1.92,69.2,59
1,20140613,125,0.24,0.32,0.8,1.98,74.5,35
1,20140613,148,0,0,0.3,1.33,70.8,38
1,20140620,227,0,0.03,1.96,5.05,72.7,28
1,20140622,194,0,0,0.24,1.93,70.1,47
1,20140701,228,0,0,0.52,2.29,81.3,26
1,20140701,224,0,0,0.02,0.2,84.5,29
1,20140701,90,0,0.24,0.94,1.86,73.3,32
1,20140701,207,0,0,0,0,90.8,36
1,20140701,77,0,0,0,0.17,65.1,73
1,20140703,90,0,0.24,0.94,1.81,69,41
1,20140704,196,0,0.02,0.02,0.41,79.5,36
1,20140705,163,0,0.01,0.02,0.07,72.4,40
1,20140707,84,0,0,0.02,0.81,83.6,33
1,20140707,43,0,0.09,0.14,0.84,75.7,39
1,20140709,224,0,0,0.01,0.14,84.9,31
1,20140709,77,0,0,0,0,64.5,76
1,20140711,224,0,0,0.01,0.14,79.9,36
1,20140711,125,0,0.28,0.32,0.8,80.5,36
1,20140711,47,0,0.85,2.24,2.49,69.5,62
1,20140714,12,0,0,0.89,2.35,82,57
1,20140729,228,0,0,0,0.52,82,20
1,20140730,224,0,0,0,0.02,85.9,25
1,20140730,90,0,0.12,0.36,1.06,71.7,34
1,20140730,91,0,0.04,0.32,1.11,71.1,46
1,20140730,43,0,0.04,0.13,0.2,72.2,48
1,20140731,188,0,0,0,0,85.1,37
1,20140731,91,0,0.04,0.32,1.11,71.1,52
1,20140801,227,0,0,0,0.18,89.8,19
1,20140811,91,0,0.79,1.11,1.66,67.7,53
1,20140812,90,0.07,0.41,0.65,0.95,61.7,51
1,20140814,188,0,0,0,0,79.3,46
1,20140816,159,0,0,0,0,78.4,41
1,20140816,147,0,0.06,0.08,0.13,76.8,61
1,20140818,246,0,0.22,0.22,0.22,70.1,19
1,20140818,125,0,0,0,0.32,83.3,30
1,20140818,43,0,0.49,0.6,0.6,66.4,38
1,20140824,224,0,0.09,0.09,0.09,76.8,31
1,20140826,78,0,0.04,0.04,0.04,74.4,57
1,20140829,43,0,0.49,0.53,0.62,68.7,44
1,20140903,194,0,0,0,0.02,70.6,65
1,20140910,224,0,0,0.09,0.09,79.7,19
1,20140911,77,0,0,0,0,70.4,50
1,20140912,224,0,0,0.09,0.09,76.2,26
1,20140912,188,0,0,0,0,77.4,41
1,20140913,13,0,0.12,0.29,0.47,79.8,19
1,20140913,195,0,0,0,0,84.9,22
1,20140914,13,0,0.12,0.29,0.47,78.6,23
1,20140914,75,0,0.01,0.02,0.02,82,49
1,20140915,91,0,0,0.87,1.19,64,41
1,20140925,13,0.55,0.74,0.9,1.19,55.1,83
1,20141007,91,0,0.08,0.16,0.95,56.4,40
1,20141016,192,0,0,0,0,50.5,59
1,20150224,91,0,1.23,1.63,4.36,35.4,32
1,20150413,57,0,0.19,0.41,3.96,53.2,32
1,20150418,44,0,0.11,1.07,1.38,66.8,27
1,20150511,92,0,0.33,0.72,1.04,62.2,46
1,20150610,225,0,1.26,1.26,1.26,69.8,45
1,20150615,54,0,0.07,0.64,0.75,81.1,24
1,20150616,227,0,0.07,2.01,3.79,71.1,35
1,20150616,222,0,0,0.23,1.33,78.8,51
1,20150617,77,0,0.09,0.99,2.14,65.8,64
1,20150617,153,0,0,0,0.96,67.7,72
1,20150618,84,0,0,0.89,2.46,79.5,34
1,20150619,246,0,1.75,3.97,8,68.8,14
1,20150619,57,0,1.91,2.52,2.76,68,23
1,20150621,188,0,0,0.79,1.2,78.1,30
1,20150622,188,0,0,0.79,1.2,75.1,31
1,20150624,204,0,0.01,0.61,0.68,76.4,29
1,20150625,192,0.04,1.84,3.02,3.5,69.8,30
1,20150626,147,0,0.07,0.89,1.07,70.1,74
1,20150627,77,0,0.09,0.3,2.14,68.4,67
1,20150628,225,0,0.19,1.28,1.28,75.7,44
1,20150629,85,0,0.01,0.07,0.29,73.1,43
1,20150701,222,0,0,0.01,1.32,85.5,43
1,20150702,106,0,1.76,3.38,5.53,75.4,50
1,20150706,224,0,0.04,0.35,1.48,82.2,39
1,20150707,139,0,0.02,0.06,0.22,76.6,40
1,20150710,75,0,0,0.43,1.36,67.9,65
1,20150710,212,0,0.06,0.07,0.2,65.3,67
1,20150712,199,0.01,0.57,0.79,1.03,55.6,42
1,20150712,44,0,0.03,0.43,1.13,73.4,51
1,20150713,163,0,0.74,1.24,1.78,67.9,61
1,20150713,225,0.04,0.45,1.71,1.71,66.2,65
1,20150716,153,0,0,0,0,70.2,71
1,20150717,117,0,0.11,0.13,0.19,80.5,21
1,20150719,86,0,0.07,0.07,1.15,81.4,60
1,20150720,143,0.03,1.03,2.01,3.3,73.7,67
1,20150721,195,0,0.02,0.31,2.03,82.3,41
1,20150721,90,0.2,1.77,3.13,6.66,66.2,59
1,20150722,236,0,1.49,4.39,7.12,64.6,56
1,20150723,13,0,0.01,0.32,2.95,70.2,28
1,20150723,153,0,0,0,0,75.1,71
1,20150723,147,0,1.11,1.16,2.02,73.2,75
1,20150724,169,0,0.13,0.14,0.65,77,40
1,20150724,90,0,1.81,2.84,6.51,60.1,41
1,20150724,225,0,0.45,0.62,1.71,69.8,41
1,20150725,188,0,0,0,0.23,78.7,37
1,20150728,161,0,0.04,0.07,0.25,83.2,30
1,20150728,224,0,0.11,0.22,0.46,88.5,48
1,20150729,196,0,0,0.02,0.06,91.8,18
1,20150729,85,0,0.01,0.02,0.08,83,19
1,20150729,90,0,1.81,2.69,6.34,71.4,26
1,20150729,224,0,0.11,0.22,0.46,91.1,48
1,20150729,224,0,0.11,0.22,0.46,91.1,48
1,20150730,84,0,0.03,0.03,0.05,87.7,32
1,20150730,85,0,0.01,0.02,0.08,79,37
1,20150730,47,0.06,1.02,2.47,3.78,80.1,47
1,20150730,199,0,1.49,1.82,2.24,61.1,67
1,20150730,244,0,0,0,0,82.9,48
1,20150730,224,0,0.11,0.22,0.46,93.5,48
1,20150731,142,0,0.05,0.05,0.2,89.9,26
1,20150731,148,0,0.12,0.12,0.13,84.2,33
1,20150801,165,0,0.27,0.27,0.55,66.8,80
1,20150802,224,0,0.11,0.18,0.46,80.8,41
1,20150802,84,0,0.02,0.03,0.05,76.9,57
1,20150803,57,0,1.21,1.81,3.41,71.7,36
1,20150803,86,0,0.04,0.07,0.88,80.9,52
1,20150803,78,0.01,0.79,0.8,1.82,74.1,70
1,20150808,222,0,0.01,0.01,0.02,75.1,57
1,20150809,77,0,0.06,0.16,0.37,70.5,58
1,20150809,103,0,0,0.06,0.06,66.1,64
1,20150809,153,0,0,0,0,67.7,76
1,20150810,208,0,0,0,0,86.4,41
1,20150813,194,0,0,0,0,72.6,59
1,20150816,194,0,0,0,0,80.1,41
1,20150816,52,0,1.3,1.3,1.32,72.3,63
1,20150818,85,0,0,0.01,0.02,71,48
1,20150820,191,0,0.13,0.22,0.69,68,63
1,20150822,106,0,1.77,3.61,5.36,67,69
1,20150823,124,0,0.04,0.04,0.04,74.7,60
1,20150824,103,0,0,0.04,0.06,65.8,70
1,20150825,224,0,0,0.11,0.22,77.4,29
1,20150829,57,0,0.27,1.5,2.11,70.9,32
1,20150902,91,0,0.08,1.54,1.98,57.4,60
1,20150908,57,0,0,0.65,1.9,64.1,20
1,20150909,194,0,0,0,0,78.9,36
1,20150909,91,0,0.04,0.63,1.54,63.2,39
1,20150909,199,0,0.07,1.46,2.02,58.4,69
1,20150911,224,0,0,0,0.11,81.5,24
1,20150911,12,0,0.02,0.02,0.02,75.2,68
1,20150919,84,0,0.09,0.09,0.12,74.8,41
1,20150919,114,0,0.03,0.03,0.03,69.3,50
1,20150922,229,0,0.9,2.47,3.54,56.9,82
1,20151002,12,0.01,0.18,0.2,0.2,68.1,56
1,20151012,126,0,0.16,0.16,0.25,72.5,46
1,20151029,107,0,1.11,1.5,1.73,69.2,41
1,20151107,152,0,0,0.64,0.64,65.8,28
1,20160419,204,0,0.04,1.39,2.52,76.2,15
1,20160424,92,0.04,0.22,2.14,3.35,57.6,62
1,20160510,163,0.01,0.78,2.54,6.41,56.1,78
1,20160512,113,0,0.05,0.14,2.35,58.9,75
1,20160515,142,0,0.39,1.72,4.75,69,52
1,20160517,195,0,1.15,2.48,10.74,74.4,36
1,20160522,80,0,0.94,2.14,5.51,62,49
1,20160523,216,0,0.43,0.82,2.63,62.7,65
1,20160525,114,0,0,0.05,1.98,58.8,75
1,20160527,244,0,0.76,1.17,6.2,74.4,49
1,20160529,12,0,0.84,1.58,8.56,70.7,65
1,20160530,228,0,0.49,3.65,11.79,73.3,37
1,20160530,194,0,0.23,1.98,5.82,74.4,48
1,20160531,62,0,0.27,0.62,1.73,63.4,81
1,20160601,169,0,0.01,0.76,2.37,82.5,35
1,20160603,131,0,0.44,1.75,6.25,82.6,31
1,20160603,143,0.01,0.33,0.91,4.33,70,45
1,20160604,153,0,0.21,0.86,1.87,69.3,70
1,20160604,202,0.01,0.84,1.84,4.03,56.4,91
1,20160607,161,0,0.17,2.89,3.82,76.1,56
1,20160607,225,0,0.65,1.95,4.57,76.3,48
1,20160611,222,0,0.27,1.78,2.5,75,27
1,20160611,54,0,0,0.22,0.97,71.4,41
1,20160611,126,0,0,0.25,1.57,63.1,58
1,20160612,224,0,0.71,2.44,4.21,80.3,21
1,20160615,217,0.04,2.51,4.57,6.46,60.4,74
1,20160617,113,0,0.02,0.07,0.16,64.2,62
1,20160617,222,0.5,0.8,2.28,2.99,63.1,80
1,20160618,12,0.17,0.38,1.81,2.3,64,69
1,20160619,227,0,0.44,2.3,4.25,70.4,43
1,20160620,114,0,0,0,0.05,68.7,51
1,20160621,227,0,0.13,2.3,3.68,76.8,28
1,20160621,195,0,0.62,2.02,2.73,81.2,28
1,20160621,244,0,0.07,1.18,1.24,81,50
1,20160623,131,0,0,0.53,1.75,74.4,41
1,20160623,113,0,0.02,0.05,0.12,67.6,42
1,20160625,35,0,0.78,1.16,1.93,75.2,27
1,20160625,92,0,0,0.44,0.66,77.6,29
1,20160625,191,0,0.11,0.46,2.15,74.9,34
1,20160626,196,0,0.01,0.96,1.3,87.7,31
1,20160626,32,0,0.07,0.83,1.04,79.9,49
1,20160626,75,0,0,0.12,0.15,70.6,74
1,20160627,163,0,0.21,0.7,1.54,84.3,24
1,20160627,147,0,0.13,0.97,2,72.9,68
1,20160628,13,0,0,1.03,3.49,83.3,22
1,20160628,195,0,0,1.19,2.73,87.2,26
1,20160628,227,0,0,0.72,3.68,80.6,31
1,20160630,222,0,0.7,1.91,2.7,83.6,45
1,20160630,198,0,0,0,0,65.2,82
1,20160701,205,0,0,0.44,0.79,87.8,19
1,20160701,183,0,0.1,0.12,0.42,85.7,25
1,20160701,125,0,0.12,0.49,2.11,85.8,34
1,20160701,222,0,0.7,1.91,2.7,81.8,54
1,20160701,217,0,2.05,4.42,6.6,67.6,74
1,20160702,194,0,0,0.23,1.98,77.6,49
1,20160704,205,0,0,0.44,0.79,82.5,24
1,20160704,188,0,0,0,1.4,70.8,48
1,20160708,88,0,0,0,1.35,74.9,36
1,20160708,126,0,0.08,0.08,0.61,66.1,65
1,20160709,54,0,0,0,0.34,78.5,38
1,20160709,194,0,0,0,0.44,71.7,56
1,20160710,125,0,0.12,0.12,1.05,76,41
1,20160711,224,0,1.62,2.33,4.09,75.8,27
1,20160711,142,0,0.03,0.04,0.43,76,31
1,20160712,80,0,0.08,0.08,1.02,78.4,30
1,20160712,194,0,0,0,0.31,73.9,40
1,20160713,196,0,0.01,0.73,1.11,84.8,32
1,20160713,125,0,0.12,0.12,1.05,81.4,34
1,20160715,204,0,0,0,0.05,76.6,37
1,20160715,5,0,0,0.02,0.56,82.2,40
1,20160715,198,0,0,0,0,66.8,82
1,20160718,225,0,0.1,1.28,2.13,67.8,50
1,20160719,194,0,0,0,0.28,71.5,46
1,20160719,153,0,0,0.02,0.25,72.8,67
1,20160721,236,0,6.13,7.76,13.05,62.2,37
1,20160721,153,0,0,0.02,0.25,78.9,49
1,20160721,106,0,1.5,2.73,4.22,64.9,56
1,20160722,13,0,0,0.44,1.19,76.7,22
1,20160722,80,0,0,0.08,0.77,78.7,30
1,20160722,139,0,0,0.01,0.39,75.1,39
1,20160722,113,0,0,0.02,0.05,68.6,42
1,20160722,210,0,0,0.01,0.35,57.8,80
1,20160722,213,0,0.13,0.41,0.86,59.3,80
1,20160724,153,0,0,0.02,0.25,76.4,63
1,20160729,188,0,0,0,0,83.9,42
1,20160730,194,0,0,0,0.23,82.6,33
1,20160730,211,0,0,0,0.35,63.9,72
1,20160802,196,0,0,0.01,0.95,87.8,34
1,20160802,12,0,0,0.32,1.16,72.2,68
1,20160804,227,0,0,0,0.62,68.8,43
1,20160804,222,0,0,0.7,1.76,76.4,53
1,20160805,125,0,0,0.12,0.12,80,39
1,20160805,188,0,0,0,0,72.4,53
1,20160807,192,0,0,0.06,0.33,67.8,36
1,20160809,205,0,0,0,0.15,83.8,23
1,20160809,205,0,0,0,0.15,83.8,23
1,20160809,224,0,0,1.62,2.33,79.4,29
1,20160809,196,0,0,0.01,0.73,78.7,39
1,20160810,153,0,0,0,0.02,69.4,68
1,20160811,224,0,0,1.62,2.33,81,32
1,20160812,225,0,0.07,0.7,1.35,73.8,41
1,20160812,211,0,0,0,0,62.9,77
1,20160813,106,0,1.63,2.89,4.61,74.3,40
1,20160813,163,0,0.12,0.17,0.55,73.1,41
1,20160816,192,0,0,0,0.32,69.6,16
1,20160816,125,0,0,0.12,0.12,83.9,27
1,20160817,84,0,0,0,0.16,82.9,40
1,20160818,106,0.21,1.77,3.14,4.69,70.7,57
1,20160818,12,0,0,0,0.36,76.7,68
1,20160820,167,0,0,0,0,74.4,45
1,20160822,225,0,0.06,0.16,1.31,70.1,37
1,20160822,169,0,0,0,0,77.4,41
1,20160824,225,0,0.06,0.13,1,67.1,35
1,20160826,246,0,0.35,0.53,2.94,66.1,26
1,20160826,125,0,0,0,0.12,78.7,34
1,20160827,225,0,0.07,0.13,1.01,69,38
1,20160828,125,0,0,0,0.12,77.9,47
1,20160830,227,0,0.14,0.14,0.14,71.3,38
1,20160830,106,0,1.68,3.21,3.97,69.6,54
1,20160830,106,0,1.68,3.21,3.97,69.6,54
1,20160830,211,0,0,0,0,70.1,54
1,20160831,245,0.02,0.28,0.51,0.59,74.4,69
1,20160903,142,0,0,0,0.03,75.3,36
1,20160903,192,0,0,0,0.17,61.4,48
1,20160905,12,0,0,0,0.32,66.5,63
1,20160907,84,0,0,0,0.04,77.6,35
1,20160907,192,0,0,0,0,60.8,45
1,20160910,224,0,0,0,1.62,75.7,33
1,20160911,57,0,0,0,0.06,70.7,26
1,20160911,90,0,0.18,0.18,0.94,61.1,38
1,20160911,131,0,0,0,0,66.1,63
1,20160912,225,0,0.04,0.11,0.74,68.3,19
1,20160913,148,0,0,0,0,58.6,60
1,20160913,222,0,0,0,0.7,61.1,69
1,20160916,12,0,0,0,0.17,66.9,66
1,20160917,84,0,0,0,0,77.9,33
1,20160917,35,0,0,0.08,0.14,61.6,36
1,20160917,90,0,0.18,0.18,0.5,58,41
1,20160917,231,0,0,0,0,59.9,86
1,20160920,235,0,0,0,0,72.1,45
1,20160922,244,0,0,0,0,62.7,58
1,20160922,231,0,0,0,0,58.3,76
1,20160923,227,0,4.61,4.75,4.75,60.8,34
1,20160923,39,0,0,0,0.01,61.6,55
1,20160925,224,0,0,0,0,83.4,16
1,20160925,103,0,0,0,0,69.2,44
1,20160926,211,0,0.39,0.39,0.39,73.3,34
1,20160926,194,0,0,0,0,76.8,39
1,20160926,12,0,0,0,0,71.1,54
1,20161010,77,0,0.01,0.01,0.01,58.7,63
1,20161011,142,0,0,0,0,66.5,44
1,20161014,13,0.89,1.07,1.07,1.07,53.7,83
1,20161020,86,0,0,0,0,64.5,61
1,20161029,169,0,0,0,0,70.8,48
1,20161113,153,0,0.1,0.58,0.58,63.8,52
1,20161114,216,0,0.35,0.41,0.79,71.7,43
1,20170207,57,0.72,6.8,10.75,11.66,48.4,64
1,20170403,148,0,1.49,6.17,12.76,56.7,55
1,20170413,225,0,2.69,5.28,10.2,40.9,83
1,20170420,21,0,0.48,3.52,5.99,70.8,48
1,20170424,225,0.02,1.71,3.47,8.84,48.5,77
1,20170428,169,0,0.61,1.1,3.11,59.1,47
1,20170429,202,0.03,1.31,2.56,4.17,60,54
1,20170430,224,0,5.86,11.45,25.17,64.7,47
1,20170430,64,0,0.21,0.73,7.3,60.6,50
1,20170430,225,0,1.49,3.49,8.89,54.6,61
1,20170501,57,0,1.67,2.79,9.45,56.2,39
1,20170502,86,0,1.17,2.04,5.19,74.7,54
1,20170507,188,0,0.52,0.87,2.96,58.9,69
1,20170512,224,0,3.24,11.41,16.55,57.3,40
1,20170512,205,0,0.25,0.96,1.78,59.6,50
1,20170514,246,0,10.93,28.72,35.37,41.9,52
1,20170514,148,0,0.53,2.59,4.14,56.9,55
1,20170514,216,0,0,0.34,4.31,70.8,48
1,20170515,148,0,0.53,2.59,4.14,64.4,46
1,20170515,90,0,0.85,2.67,4.41,45.3,58
1,20170516,208,0,0,0,0,68.1,44
1,20170517,57,0,0.36,2.63,6.63,46.4,48
1,20170517,244,0,0.2,4.08,7.56,63.1,50
1,20170518,205,0,0.22,0.96,1.78,68,23
1,20170518,224,0,2.09,11.14,15.85,66.1,39
1,20170518,194,0,0.43,3.36,5.81,65.8,43
1,20170518,153,0,1.05,1.09,1.15,62.4,76
1,20170519,57,0,0.34,2.63,5.87,56.5,43
1,20170519,57,0,0.34,2.63,5.87,56.5,43
1,20170519,225,0,0.73,2.73,5.01,59.5,52
1,20170520,15,0,0.5,0.96,1.27,75.7,33
1,20170520,169,0,0,0.81,1.57,75.7,34
1,20170520,5,0,0.07,0.76,0.96,74.8,39
1,20170520,86,0,0.14,1.9,2.88,76.3,41
1,20170521,196,0,0,2.47,6.08,82.1,32
1,20170522,147,0,1.67,1.73,4.36,68,77
1,20170524,113,0,0.07,0.82,1.49,57.3,80
1,20170525,56,0,0,1.08,2.14,61.8,66
1,20170525,163,0.02,0.68,2.27,5.06,54.6,80
1,20170528,205,0,0.09,0.39,0.97,74.5,41
1,20170528,5,0,0.07,0.44,0.79,72.2,57
1,20170528,194,0,0.04,1.82,3.68,68.8,58
1,20170528,163,0,0.66,2.27,4,62.2,62
1,20170528,144,0,0.8,3.33,5.89,51.4,89
1,20170529,125,0,0.03,0.03,0.03,78.5,48
1,20170529,199,0,0,0.09,0.41,55.7,48
1,20170531,188,0.01,0.02,0.57,1,66.5,64
1,20170601,205,0,0.09,0.39,0.97,72.4,43
1,20170601,125,0,0.03,0.03,0.03,71.1,53
1,20170602,44,0,0.06,0.1,0.25,71.7,65
1,20170603,125,0,0.03,0.03,0.03,81.9,44
1,20170603,125,0,0.03,0.03,0.03,81.9,44
1,20170603,153,0,1.05,1.05,1.15,67.9,75
1,20170604,188,0,0.02,0.57,0.88,74.4,36
1,20170604,146,0,0,0.06,0.74,78.5,39
1,20170604,131,0,0.19,4.53,6.49,70.3,48
1,20170604,44,0,0.06,0.1,0.22,71.6,68
1,20170604,153,0,1.05,1.05,1.09,67.5,76
1,20170605,57,0,0.29,1.96,2.63,64.3,31
1,20170605,106,0,0.33,4.65,7.15,66,53
1,20170606,190,0,0.1,0.52,1.14,81.1,23
1,20170606,43,0,0.37,2.23,4.56,64.3,50
1,20170607,84,0,0.25,1.81,6.73,72.4,47
1,20170607,62,0,0.05,0.96,1.1,70.8,48
1,20170609,204,0,0.15,0.28,0.56,66.5,65
1,20170609,163,0,0.41,1.64,3.19,60.9,78
1,20170610,57,0,0.02,0.61,2.63,55.1,39
1,20170610,204,0,0.15,0.28,0.56,62.3,75
1,20170611,246,0.04,0.59,13.87,29.2,45.9,41
1,20170611,188,0,0.01,0.37,0.88,59.8,53
1,20170611,194,0,0.18,1.31,3.54,57.8,56
1,20170611,148,0.11,0.17,1,2.76,56.9,59
1,20170611,251,0,0.65,1.29,1.52,67.8,68
1,20170613,238,0,0,0,0.01,74.6,43
1,20170613,125,0,0,0.03,0.03,68.6,44
1,20170613,57,0,0.39,0.76,3.02,57.3,54
1,20170613,225,0,0.53,1.44,4.13,56.3,58
1,20170613,153,0,0.01,1.05,1.09,64.8,60
1,20170613,90,0,0.9,1.9,3.58,50.5,62
1,20170614,163,0.01,0.35,1.4,3.2,80,29
1,20170615,105,0,0.11,0.42,0.85,80,28
1,20170615,188,0,0.01,0.24,0.88,73.9,49
1,20170615,231,0,0,0.27,0.38,56.9,79
1,20170616,147,0.02,0.11,1.79,2.03,70.8,63
1,20170616,90,0,0.69,1.73,3.57,64.8,65
1,20170616,86,0,0.04,0.59,1.94,70.8,48
1,20170617,13,0,0.47,1.48,8.51,80.2,38
1,20170618,205,0,0,0.09,0.96,89.5,28
1,20170618,190,0,0.05,0.1,1.14,89.7,31
1,20170618,246,0,0.48,10.58,29.17,69.8,44
1,20170618,163,0,0.27,0.88,3.19,77,48
1,20170618,90,0,0.69,1.62,3.48,70.1,54
1,20170618,104,0,0.18,0.25,8.06,68.2,66
1,20170618,84,0,0.97,1.24,7.47,87.4,48
1,20170619,125,0,0,0.03,0.03,70.8,48
1,20170619,86,0,0.04,0.18,1.94,70.8,48
1,20170621,251,0.07,0.78,1.51,1.6,91.4,38
1,20170621,213,0,0.34,0.44,3.6,59.6,78
1,20170622,192,0,0,0.43,1.17,67,39
1,20170622,225,0,0.48,0.92,2.84,70.2,42
1,20170622,202,0.02,0.76,2.02,3.44,56.6,95
1,20170623,205,0,0,0.09,0.75,91.9,23
1,20170623,125,0,0,0.03,0.03,92.1,32
1,20170624,228,0,0.47,0.79,5.49,82.3,40
1,20170624,179,0,0,0.07,0.07,78.7,51
1,20170625,125,0,0,0.03,0.03,90.1,31
1,20170625,148,0,0.17,0.17,1.52,80,50
1,20170625,47,0.01,0.07,0.07,1.37,73,55
1,20170626,44,0,0,0.06,0.1,85.2,29
1,20170626,106,0,0.97,1.15,5.48,65.9,70
1,20170626,160,0,0,0.36,0.36,60.7,75
1,20170626,202,0.04,0.72,2.04,3.3,60.9,80
1,20170627,240,0,0,0.03,0.03,80.7,22
1,20170627,222,0,0.54,0.55,3.04,76.2,49
1,20170627,147,0.02,0.12,1.77,1.85,73.7,55
1,20170627,191,0,0.37,0.47,3.04,63.8,68
1,20170628,57,0,0.45,0.74,2.67,70.3,35
1,20170628,105,0,0.11,0.14,0.52,77.5,38
1,20170628,125,0,0,0.03,0.03,82,38
1,20170628,88,0,0.02,0.48,0.63,70.8,48
1,20170629,117,0,0,0.09,0.09,77.7,28
1,20170629,224,0,0.67,1.57,7.43,80.3,35
1,20170629,57,0,0.45,0.74,2.41,71.2,37
1,20170629,238,0,0,0,0,75.7,53
1,20170630,244,0,0.71,0.71,2.92,83,58
1,20170701,57,0,0.45,0.74,2.41,75.1,36
1,20170702,238,0,0,0,0,80,45
1,20170702,236,0,2.21,2.61,3.85,66.9,46
1,20170702,188,0,0,0.02,0.57,76.7,49
1,20170702,12,0,0.6,0.76,3.9,77.8,66
1,20170702,163,0,0.07,0.77,2.3,61.2,71
1,20170703,224,0,0.5,1.57,7.43,80.6,41
1,20170703,188,0,0,0.02,0.57,79.5,47
1,20170703,163,0,0.05,0.74,2.28,65.1,62
1,20170704,204,0,0,0.27,0.37,79.2,30
1,20170704,192,0,0,0,1.13,67.5,33
1,20170704,228,0,0.24,0.67,4.97,78,33
1,20170704,228,0,0.24,0.67,4.97,78,33
1,20170704,227,0,0.12,1.56,6.23,74.8,39
1,20170704,106,0,1.03,1.36,5.68,69.1,47
1,20170704,169,0,0,0,0.61,81.2,47
1,20170704,12,0,0.6,0.76,3.9,75.9,57
1,20170705,148,0,0.11,0.17,1.48,80.2,39
1,20170705,163,0,0.05,0.71,2.25,73.6,40
1,20170705,12,0,0.6,0.76,3.9,75.8,58
1,20170705,147,0,0.11,1.73,1.83,70.3,74
1,20170706,105,0,0,0.11,0.52,86.1,27
1,20170706,224,0,0.5,1.57,4.94,81.3,31
1,20170706,194,0,0,0.18,1.89,81.9,31
1,20170706,44,0,0,0.02,0.1,82,44
1,20170707,191,0.01,0.32,0.56,1.65,82,26
1,20170707,227,0,0.12,1.52,4.5,84.3,28
1,20170707,238,0,0,0,0,93.1,30
1,20170707,238,0,0,0,0,93.1,30
1,20170707,77,0,0,0,0.01,79.5,34
1,20170707,52,0,0,0.02,1.3,79,48
1,20170707,190,0,0,0.05,0.46,98.4,48
1,20170708,139,0,0.11,0.13,0.65,87.7,19
1,20170708,142,0,0,0,0.77,90.3,25
1,20170708,244,0,0.6,0.71,1.76,89.1,47
1,20170708,250,0,0.25,0.32,0.83,82.5,52
1,20170708,199,0.05,0.31,0.31,0.36,64.3,59
1,20170708,147,0,0.11,0.15,1.83,74.8,67
1,20170708,211,0,0.02,0.05,0.08,78.8,48
1,20170708,211,0,0.02,0.05,0.08,78.8,48
1,20170708,52,0,0,0.02,1.11,70.8,48
1,20170709,205,0,0,0,0.25,89.9,16
1,20170709,192,0,0,0,1,71.2,52
1,20170710,188,0,0,0.01,0.37,84.7,39
1,20170710,211,0,0,0.05,0.05,67.9,60
1,20170710,12,0,0,0.76,2.47,77.9,62
1,20170711,80,0,0,0.01,0.62,84.7,31
1,20170711,239,0,0,0,0.13,79.3,40
1,20170711,250,0,0.16,0.32,0.79,76.1,65
1,20170712,224,0,0,0.77,3.7,80.4,34
1,20170712,44,0,0,0,0.06,78.8,57
1,20170712,113,0,0.02,0.05,0.33,64.9,62
1,20170712,211,0,0,0.05,0.05,64.7,66
1,20170712,156,0,0,0,0.04,70.8,48
1,20170713,13,0,0,0.84,2.39,79.1,30
1,20170713,192,0,0,0,0.89,66.6,47
1,20170713,153,0,0,0.01,1.05,71.5,87
1,20170714,251,0,1.27,1.89,2.57,82,40
1,20170715,211,0,0,0.02,0.05,72.8,50
1,20170716,57,0,0.06,0.45,0.81,75.9,25
1,20170716,222,0,0,0.54,0.64,84.9,37
1,20170716,169,0,0,0,0.33,86.5,43
1,20170717,13,0,0,0.47,1.48,82,20
1,20170717,142,0,0,0,0.59,89.3,25
1,20170717,211,0,0,0.02,0.05,75.1,37
1,20170717,163,0,0.05,0.34,1.28,75.8,40
1,20170717,163,0,0.05,0.34,1.28,75.8,40
1,20170717,163,0,0.05,0.34,1.28,75.8,40
1,20170717,250,0,0,0.32,0.42,81.4,47
1,20170717,251,0,1.25,1.83,2.62,81.2,51
1,20170718,142,0,0,0,0.11,85.3,21
1,20170718,57,0,0.06,0.45,0.79,70.7,25
1,20170718,131,0,0,0.47,0.58,77.3,33
1,20170718,240,0,0,0,0.03,78.9,44
1,20170718,194,0,0,0.18,0.22,78.4,48
1,20170719,105,0.02,0.03,0.14,0.17,79.7,30
1,20170719,148,0,0,0.17,0.17,75.5,40
1,20170719,12,0,0,0.76,0.81,72.8,57
1,20170720,240,0,0,0,0.03,77.9,47
1,20170720,106,0,0.87,1.77,1.94,70,56
1,20170721,222,0,0,0.54,0.55,79.3,50
1,20170722,207,0,0,0,0,94.5,26
1,20170722,207,0,0,0,0,94.5,26
1,20170722,206,0,0,0.24,0.24,77.2,48
1,20170723,142,0,0,0,0.11,87.1,27
1,20170723,227,0,0.02,0.5,1.67,81.8,29
1,20170723,169,0,0,0,0,86.3,36
1,20170724,86,0,0,0.04,0.18,85.7,28
1,20170724,106,0,0.72,1.69,1.89,69.2,59
1,20170724,52,0,0,0,0.35,65.6,80
1,20170725,222,0,0,0.54,0.55,77.3,50
1,20170725,236,0.02,0.04,2.38,2.69,68.6,54
1,20170726,142,0,0,0,0.11,83.6,31
1,20170726,236,0,0.04,2.38,2.64,67.6,50
1,20170726,211,0,0,0.02,0.05,66.1,69
1,20170726,99,0,0,0.08,0.19,68.6,83
1,20170727,139,0,0,0.13,0.13,79.6,34
1,20170728,225,0,0,0.48,0.85,71.8,49
1,20170728,225,0,0,0.48,0.85,71.8,49
1,20170728,211,0,0,0.02,0.05,64.1,73
1,20170729,125,0,0,0,0.03,89.7,28
1,20170729,238,0,0,0,0,81.9,53
1,20170729,159,0,0,0,0.48,74.9,66
1,20170729,171,0,0,0,0,70.8,48
1,20170730,125,0,0,0,0.03,88.4,29
1,20170730,84,0,0,0.97,0.99,83.5,38
1,20170730,238,0,0,0,0,80.7,57
1,20170730,165,0,0,0,0.47,63.5,80
1,20170731,188,0,0,0,0.02,82.2,40
1,20170731,126,0,0,0.33,0.84,66.4,65
1,20170731,153,0,0.2,0.2,1.25,74.2,75
1,20170731,152,0,0,0,0.17,66.5,48
1,20170801,218,0,0,0,0,95.1,39
1,20170801,240,0.07,0.07,0.07,0.1,83.6,54
1,20170801,251,0.63,3.02,3.84,4.7,82.6,48
1,20170802,191,0.02,0.44,0.82,0.97,81.5,34
1,20170802,236,0.23,0.26,2.47,2.87,75.4,37
1,20170802,202,0.02,0.66,1.27,2.59,67.5,78
1,20170802,44,0,0.3,0.3,0.36,82.3,48
1,20170802,224,0,0,0.5,1.57,93.1,48
1,20170803,222,0,0,0.26,0.55,85.4,48
1,20170803,222,0,0,0.26,0.55,85.4,48
1,20170803,113,0,0,0.02,0.12,74.7,57
1,20170803,113,0,0,0.02,0.12,74.7,57
1,20170803,52,0,0.04,0.04,0.39,74.8,48
1,20170804,90,0,0.63,1.5,1.71,73.8,39
1,20170805,225,0,0.05,0.53,0.58,70.8,48
1,20170806,125,0,0,0,0,87.7,36
1,20170806,219,0,0.91,1.54,1.63,75.8,60
1,20170806,44,0,0.3,0.3,0.3,75.6,69
1,20170807,200,0,0,0,0,95.8,29
1,20170807,125,0,0,0,0,85.5,34
1,20170807,224,0,0,0.5,1.57,81.5,40
1,20170807,251,0,2.97,4.08,4.93,80,58
1,20170808,225,0,0.13,0.15,0.66,70.2,58
1,20170810,225,0.04,0.17,0.17,0.7,69.9,57
1,20170810,222,0,0,0.01,0.55,76.3,69
1,20170811,224,0,0,0,0.77,80.9,44
1,20170811,103,0,0.57,1.2,1.83,66.7,71
1,20170811,116,0,0.01,0.02,0.11,60.1,100
1,20170813,84,0,0,0,0.99,83.3,40
1,20170813,206,0,0,0,0.24,74.7,43
1,20170813,212,0,0,0,0.26,69.4,52
1,20170813,157,0,0.01,0.03,0.12,62.7,79
1,20170814,240,0,0.07,0.07,0.07,74.2,56
1,20170814,194,0,0,0,0.18,71.7,60
1,20170814,153,0,0.2,0.2,0.21,69.7,74
1,20170815,44,0,0.3,0.3,0.3,68.6,75
1,20170817,187,0,0,0,12.33,66.6,68
1,20170819,192,0,0,0,0,64.5,58
1,20170820,131,0,0,0,0.47,72.9,59
1,20170820,238,0,0.01,0.01,0.01,76.4,63
1,20170821,125,0,0,0,0,81.3,43
1,20170822,106,0,0.7,1.42,2.39,61.9,73
1,20170823,237,0,0.31,0.39,0.4,68.6,79
1,20170824,240,0,0.07,0.07,0.07,74.7,66
1,20170826,125,0,0,0,0,88.3,36
1,20170826,179,0,0.06,0.17,0.17,81.4,42
1,20170826,240,0,0.07,0.07,0.07,82.9,42
1,20170826,126,0,0,0,0.47,70.6,55
1,20170827,224,0,0,0,0.67,81.3,29
1,20170827,224,0,0,0,0.67,81.3,29
1,20170827,113,0,0,0,0.05,72,55
1,20170827,229,0.02,0.6,1.28,2.12,61.6,85
1,20170828,205,0,0,0,0,92.3,17
1,20170828,224,0,0,0,0.67,82.1,28
1,20170828,125,0,0,0,0,91.4,30
1,20170828,44,0,0.27,0.3,0.3,86.4,41
1,20170829,13,0,0,0,0.47,86.1,22
1,20170829,90,0.06,0.18,0.81,1.68,68.5,41
1,20170829,222,0,0,0,0.53,82.6,42
1,20170829,12,0,0,0,0.76,80.3,55
1,20170829,12,0,0,0,0.76,80.3,55
1,20170829,113,0,0,0,0.05,66.9,71
1,20170830,239,0,0.02,0.02,0.02,90.1,22
1,20170830,240,0,0.07,0.07,0.07,86.6,27
1,20170830,240,0,0.07,0.07,0.07,86.6,27
1,20170830,90,0,0.18,0.81,1.68,67.6,39
1,20170830,84,0,0,0,0.74,81.1,40
1,20170830,225,0,0.19,0.19,0.67,63.1,53
1,20170831,207,0,0,0,0,98.5,21
1,20170831,163,0,0.07,0.11,0.18,78.5,34
1,20170831,204,0.13,0.14,0.16,0.16,90.5,48
1,20170901,216,0,0.06,0.13,0.13,89,38
1,20170901,200,0,0,0,0,95.3,39
1,20170901,188,0,0,0,0,82.2,48
1,20170901,147,0,0.04,0.06,0.17,81.2,53
1,20170902,224,0,0,0,0.5,84.1,29
1,20170903,227,0,0.52,0.67,0.79,85.2,26
1,20170903,163,0,0.08,0.12,0.17,83.7,42
1,20170903,237,0,0.09,0.46,0.48,81.2,52
1,20170903,250,0,0.02,0.02,0.27,81.7,59
1,20170903,147,0.01,0.05,0.07,0.18,79.9,65
1,20170903,147,0.01,0.05,0.07,0.18,79.9,65
1,20170903,171,0,0,0,0,70.8,48
1,20170905,77,0,0,0,0,75.5,68
1,20170905,126,0,0,0,0.18,75.2,48
1,20170907,103,0.02,0.02,0.65,1.22,65.6,87
1,20170910,244,0,0.01,0.01,0.01,86.8,48
1,20170911,169,0,0,0,0,82.7,50
1,20170911,225,0,0.22,0.39,0.39,67.9,58
1,20170911,251,0,2.15,5.06,6.33,70.8,48
1,20170912,238,0,0,0.01,0.01,84.4,54
1,20170912,222,0,0.24,0.24,0.24,80.9,56
1,20170912,237,0,0.09,0.41,0.48,72.3,60
1,20170912,178,0.05,2.33,6.47,12.25,68.8,73
1,20170912,106,0,0.03,0.78,1.9,64.4,87
1,20170912,148,0,0.12,0.12,0.12,78.2,48
1,20170917,113,0,0,0,0,62,68
1,20170918,15,0,0,0,0,72.5,43
1,20170919,224,0,0.52,0.52,0.52,61.6,47
1,20170919,195,0,0,0,0,63.1,50
1,20170919,194,0,0,0,0,63.9,54
1,20170919,191,0.01,0.43,0.89,1.2,63.5,59
1,20170920,225,0,0.25,0.44,0.44,52.1,68
1,20170920,240,0,0.19,0.26,0.26,66.6,68
1,20170920,144,0.02,0.96,1.97,3.28,57.3,79
1,20170923,194,0,0,0,0,61.3,44
1,20170923,125,0,0.3,0.3,0.3,64.1,45
1,20170925,75,0,0,0,0,69.4,35
1,20170925,12,0,0.06,0.06,0.06,65.6,48
1,20170926,7,0.03,0.54,0.77,1.03,69.1,32
1,20170926,113,0,0,0,0,67,40
1,20170926,148,0,0.18,0.18,0.18,65.1,45
1,20170926,43,0,0.02,0.57,0.57,56.8,52
1,20170927,224,0,0.52,0.52,0.52,70.6,29
1,20170928,163,0,0.08,0.15,0.19,66,39
1,20170929,238,0,0,0.01,0.01,82.7,25
1,20170929,80,0,0.23,0.23,0.23,72.9,34
1,20170929,113,0,0,0,0,64.1,51
1,20171002,5,0,0.24,0.24,0.24,59.5,47
1,20171003,84,0,0.15,0.15,0.15,66.4,28
1,20171003,222,0,0.24,0.24,0.24,66.8,28
1,20171006,233,0,0.92,1.22,1.91,66.8,15
1,20171007,113,0,0,0,0,64,36
1,20171008,139,0,0,0,0,68.3,19
1,20171008,103,0,0.06,0.08,0.69,69.8,26
1,20171008,103,0,0.06,0.08,0.69,69.8,26
1,20171008,77,0,0.01,0.01,0.01,66.5,28
1,20171008,77,0,0.01,0.01,0.01,66.5,28
1,20171008,77,0,0.01,0.01,0.01,66.5,28
1,20171008,12,0,0,0.06,0.06,66.6,28
1,20171008,84,0,0,0.15,0.15,69.1,29
1,20171008,227,0,0.01,0.52,0.68,62.1,31
1,20171008,158,0,0.6,1.28,2.03,66.8,31
1,20171008,244,0,0,0.01,0.01,69.6,34
1,20171008,218,0,0,0,0,74.7,34
1,20171008,44,0,0.06,0.18,0.48,68.3,49
1,20171008,90,0,0.16,0.28,1.01,39.3,51
1,20171009,13,0,0.07,0.07,0.07,65.1,18
1,20171009,228,0,0.02,0.02,0.02,65.2,18
1,20171009,192,0,0,0,0,47.9,29
1,20171009,12,0,0,0.06,0.06,63.8,32
1,20171009,194,0,0,0,0,61.4,37
1,20171009,75,0,0,0,0,69.7,51
1,20171009,231,0,0,0,0,57.5,83
1,20171009,106,0,0.12,0.15,1.05,44.4,48
1,20171009,106,0,0.12,0.15,1.05,44.4,48
1,20171009,84,0,0,0.15,0.15,70.8,48
1,20171009,84,0,0,0.15,0.15,70.8,48
1,20171010,244,0,0,0.01,0.01,65.2,48
1,20171010,113,0,0,0,0,60.9,53
1,20171010,165,0,0,0,0,70.8,48
1,20171011,92,0,0.01,0.01,0.01,58,41
1,20171012,163,0,0.03,0.15,0.15,58.9,34
1,20171013,222,0,0,0.24,0.24,61.9,36
1,20171013,103,0,0.06,0.08,0.59,56.9,50
1,20171014,238,0,0.01,0.01,0.02,76.7,28
1,20171014,44,0,0,0.18,0.48,72.8,30
1,20171014,158,0,0.47,1.18,1.96,58.3,40
1,20171015,227,0,0.01,0.45,0.68,61.1,26
1,20171015,142,0,0.21,0.26,0.3,62.9,32
1,20171015,125,0,0.07,0.3,0.3,63.9,38
1,20171016,84,0,0,0.15,0.15,67.9,29
1,20171017,159,0,0.15,0.15,0.15,77.7,22
1,20171017,224,0,0,0.52,0.52,58.2,34
1,20171017,148,0,0.06,0.18,0.18,59.2,50
1,20171018,12,0,0,0.06,0.06,57.9,53
1,20171020,195,0.34,0.51,0.51,0.51,52.9,80
1,20171021,240,0,0,0.19,0.26,64.8,41
1,20171023,238,0,0.01,0.01,0.02,87.1,48
1,20171024,239,0,0.01,0.06,0.06,79,16
1,20171024,44,0,0,0.18,0.45,83.8,48
1,20171026,125,0,0,0.3,0.3,71,41
1,20171026,125,0,0,0.3,0.3,71,41
1,20171026,238,0,0.01,0.01,0.02,70.8,48
1,20171031,148,0,0.19,0.35,0.37,70.8,48
1,20171102,158,0,0.63,1.26,1.96,53.4,78
1,20171113,84,0.09,3.12,3.12,3.27,57.7,83
1,20171114,109,0,1,1,1.04,51.7,83
1,20171125,252,0,0.05,0.13,0.15,62.5,62
1,20171129,238,0,0.07,0.08,0.08,69.5,25
1,20171204,198,0,0,0.03,0.03,60.1,26
1,20171204,230,0,0,0,0,56.5,67
1,20171204,57,0,3.13,3.65,3.87,25,70
1,20171205,216,0,0.53,0.68,0.72,60,11
1,20171205,204,0,0.01,0.02,0.03,54.5,12
1,20171205,222,0,2.03,2.4,2.63,49.7,40
1,20171205,225,0,1.11,1.51,1.77,27.4,91
1,20171206,99,0,0.01,0.32,0.32,66.6,15
1,20171207,90,0,1.21,2.53,2.69,27.5,63
1,20171207,225,0,1.1,1.51,1.59,26.3,88
1,20171213,86,0,0.55,0.58,0.84,43.4,72
1,20171214,12,0,1.99,4.38,4.38,43.5,83
1,20171216,163,0,0.05,0.14,0.17,47.7,50
1,20171221,225,0,0.35,1.31,1.59,27.5,86
1,20171228,173,0,0.11,0.18,0.18,58.9,72
1,20180109,230,0,0,0,0,56.3,82
1,20180109,113,0.96,2.09,2.14,2.44,54.3,91
1,20180207,183,0,0.58,0.61,0.66,47.9,47
1,20180218,35,0,0,0.18,0.18,44.8,21
1,20180218,205,0,0.12,1.44,1.44,52.8,39
1,20180327,44,0,1.93,1.95,3.61,61.4,26
1,20180409,200,0,0.03,0.03,0.54,80,20
1,20180412,238,0,0.79,1.78,1.78,60,42
1,20180415,224,0.24,6.25,10.24,12.88,50.4,75
1,20180419,224,0,6.12,10.26,11.95,53.2,58
1,20180426,12,0,3.13,6.72,6.76,65.2,58
1,20180428,147,0,0.09,1.91,2.24,57.4,72
1,20180502,113,0,0.21,2.64,4.3,55.3,69
1,20180504,136,0,1.28,2.26,2.63,80.8,25
1,20180504,222,0,2.71,4.8,5.26,66.9,63
1,20180504,144,0.04,4.67,7.73,9.59,54.9,81
1,20180509,62,0,0.08,2.49,3.33,69.8,60
1,20180509,236,0,1.28,3.6,3.88,54.2,62
1,20180510,202,0.03,0.99,4.49,6.18,53.8,83
1,20180514,12,0,0.18,4.77,6.76,66.4,60
1,20180516,109,0,0.23,5.43,8.67,57.3,80
1,20180517,62,0,0.15,0.8,3.35,60.9,67
1,20180517,147,0.01,0.2,0.31,2.2,55.4,70
1,20180518,179,0,0.02,0.35,1.74,58.9,73
1,20180518,104,0,0,4.24,8.31,58.1,77
1,20180519,12,0,0,4.59,6.76,68.5,62
1,20180520,225,0.06,1.06,2.97,4.54,56.4,79
1,20180521,188,0,0,2.01,5.47,64.9,61
1,20180522,207,0,0,0,0,72.3,36
1,20180523,12,0,0,3.13,6.76,65.2,67
1,20180524,109,0,0,3.89,8.65,57.6,82
1,20180526,163,0,0.02,0.29,2.05,57.1,73
1,20180527,191,0.03,0.27,1.91,6.89,65.9,53
1,20180528,225,0,2.9,4.33,6.01,62.6,58
1,20180528,157,0,0.03,0.15,2.17,64.9,69
1,20180529,192,0,0,1.13,7.08,60.9,54
1,20180529,153,0,0,0.02,1.28,64.9,80
1,20180530,13,0,0.46,3.97,16.61,65.3,44
1,20180601,224,0,1.14,5.72,10,67.8,51
1,20180601,188,0,0.01,0.72,3.92,65.2,54
1,20180601,153,0,0,0.02,1.28,66.9,66
1,20180602,205,0,0.01,0.02,0.15,77.8,28
1,20180602,224,0,1.14,5.72,9.95,80,36
1,20180602,226,0,0.11,1.62,3.48,76.4,38
1,20180602,153,0,0,0.02,1.15,66.9,68
1,20180603,195,0,0.62,4.4,10.92,82,32
1,20180603,57,0,1.4,2.9,6.06,69,33
1,20180603,163,0,0.11,0.38,1.63,72,45
1,20180603,225,0,2.86,4.33,5.66,66.2,48
1,20180603,236,0,2.8,4.7,6.29,62.8,51
1,20180603,211,0,0.01,1.03,3.63,69.7,53
1,20180603,237,0,0.03,0.04,1.72,72.3,53
1,20180603,90,0,2.56,5.83,7.09,63.7,57
1,20180604,57,0,1.4,2.9,6.06,71.5,27
1,20180604,227,0,0.66,2.98,10.94,71.1,37
1,20180604,240,0,0,0.08,0.86,77.5,51
1,20180604,104,0,0.01,1.34,6.45,62.2,66
1,20180604,223,0,0.08,0.12,1.62,67.4,73
1,20180604,153,0,0,0.02,1.14,67.9,76
1,20180605,239,0,0,0.02,1.52,66.9,59
1,20180605,12,0,0.75,3.68,6.43,68.4,60
1,20180606,191,0.01,0.21,1.26,4.82,57.3,73
1,20180607,211,0,0.02,0.25,3.62,64,59
1,20180609,47,0,0,0.18,3.34,66.4,50
1,20180609,106,0,0.55,0.55,0.93,59.6,55
1,20180609,148,0,0.03,0.82,1.77,66.1,55
1,20180609,170,0,0,0.34,5.25,64.2,62
1,20180609,191,0,0.21,0.92,4.86,60.8,67
1,20180611,222,0,1.05,1.05,5.68,81,28
1,20180611,240,0,0,0.08,0.51,79.5,40
1,20180611,126,0,2.33,3.2,5.64,67.3,46
1,20180612,225,0,2.88,3.31,5.04,65,45
1,20180612,163,0,0.18,0.22,0.46,71.6,45
1,20180612,147,0.02,0.11,0.3,0.91,61.4,77
1,20180613,239,0,0,0.02,0.92,77.6,26
1,20180613,182,0,0,0.1,1.36,81.2,44
1,20180614,131,0.01,1.17,1.42,6.63,74.3,41
1,20180614,191,0,0.23,0.75,3.96,67.2,52
1,20180614,163,0,0.16,0.22,0.45,64.9,54
1,20180614,170,0,0,0.21,4.11,67.8,55
1,20180615,44,0,0.01,0.26,0.73,73.6,55
1,20180615,44,0,0.01,0.26,0.73,73.6,55
1,20180615,170,0,0,0.18,3.97,63,68
1,20180616,224,0,0.89,1.38,7.5,73.7,33
1,20180616,57,0,1.12,1.68,4.94,63.9,36
1,20180616,250,0,0.14,0.14,2.81,69.2,61
1,20180617,251,0,0,0.33,1.77,59.8,54
1,20180617,86,0,0,0,0.82,65.9,56
1,20180617,211,0,0.02,0.02,2.28,61.4,69
1,20180618,12,0,0.75,0.75,5.34,70.1,66
1,20180619,142,0,0,0,3.2,79.2,33
1,20180619,222,0,1.18,1.18,5.07,77.5,50
1,20180620,125,0,0,0,0.62,81.1,45
1,20180621,191,0,0.35,0.62,2.31,66.3,56
1,20180623,224,0,0.89,1.38,5.72,86.8,20
1,20180623,43,0,0.96,2.7,5.33,68.6,37
1,20180623,106,0,0.64,0.79,0.79,77.6,42
1,20180623,106,0,0.64,0.79,0.79,77.6,42
1,20180623,240,0,0,0.07,0.08,72.2,69
1,20180623,179,0,0,0.02,0.02,64.9,81
1,20180624,236,0,2.12,3.74,4.99,68.4,42
1,20180624,163,0,0.21,0.23,0.5,62.8,79
1,20180624,184,0.02,0.31,0.53,0.6,64.1,80
1,20180624,143,0.02,0.58,1.09,2.43,62,82
1,20180626,113,0,0,0.01,0.22,64.4,59
1,20180626,12,0,0,0.75,3.88,73.6,63
1,20180626,12,0,0,0.75,3.88,73.6,63
1,20180627,187,0,0.01,0.04,2.49,58.4,74
1,20180627,178,0,0.3,1.11,1.38,57.5,81
1,20180627,188,0,0,0.01,0.72,70.8,48
1,20180628,218,0,0,0,0,90.9,21
1,20180629,222,0,0.13,1.18,3.89,80.7,31
1,20180629,106,0,0.52,0.98,0.98,72.2,45
1,20180629,90,0,0.38,3.06,6.21,59.4,56
1,20180629,178,0,0.3,0.76,1.38,68,57
1,20180629,171,0,0,0,2.07,59.6,68
1,20180629,52,0,0,0.01,0.52,67,80
1,20180630,57,0,0.16,1.67,3.06,70,29
1,20180630,148,0,0,0.03,1.77,76,53
1,20180630,211,0.09,0.4,0.41,1.43,66.3,69
1,20180701,57,0,0.16,1.56,3.06,73.9,30
1,20180702,224,0,0,1.14,5.72,87.2,22
1,20180704,192,0,0,0,0.67,66.1,49
1,20180704,47,0,0.05,0.05,1.59,65.8,66
1,20180704,202,0.02,0.59,1.27,2.27,61.8,84
1,20180704,188,0,0,0.01,0.72,70.8,48
1,20180705,77,0,0,0.13,0.73,66.6,57
1,20180705,165,0,0.7,0.77,0.77,62.5,80
1,20180706,204,0,0.02,0.02,0.04,91.9,13
1,20180706,163,0.01,0.11,0.26,0.51,82.7,31
1,20180706,163,0.01,0.11,0.26,0.51,82.7,31
1,20180706,125,0,0,0,0.3,82.7,38
1,20180706,242,0,0,0.18,0.27,75,54
1,20180706,153,0,0,0,0.02,70.8,48
1,20180706,188,0,0,0.01,0.69,70.8,48
1,20180708,239,0,0.03,0.03,0.05,86.6,28
1,20180708,224,0,0,1.13,1.79,76,33
1,20180708,71,0,0,0.04,0.38,75.3,39
1,20180708,225,0,0.03,2.89,3.52,66.4,40
1,20180708,222,0,0.13,1.18,1.29,76.8,49
1,20180709,228,0,0,0.48,1.49,78.3,21
1,20180709,211,0,0.39,0.41,0.64,76.5,48
1,20180709,126,0,0,2.49,3.23,78.3,48
1,20180710,92,0,0,0.01,0.13,78.6,29
1,20180710,13,0,0,0.4,1.46,79.7,29
1,20180710,106,0,0.63,1.18,1.18,70.6,49
1,20180710,62,0.02,0.04,0.18,0.26,75.1,56
1,20180711,211,0,0.39,0.41,0.51,66.7,67
1,20180712,222,0,0.13,1.18,1.18,80.5,48
1,20180712,211,0,0.39,0.41,0.51,67.3,72
1,20180713,240,0,0.04,0.04,0.12,80,47
1,20180713,222,0,0.13,1.18,1.18,77.8,57
1,20180713,64,0,0,0.02,0.13,71.1,61
1,20180714,142,0,0,0,0.35,87.9,30
1,20180714,194,0,0,0.24,0.93,81.2,39
1,20180714,224,0,0,1.13,1.64,84.6,41
1,20180715,57,0,0.16,1.5,1.88,80.2,34
1,20180715,57,0,0.16,1.5,1.88,80.2,34
1,20180715,92,0,0,0.01,0.13,78.9,35
1,20180715,250,0,0,0.14,0.3,75.8,72
1,20180715,188,0,0,0.01,0.34,70.8,48
1,20180717,125,0,0,0,0,88.8,32
1,20180717,106,0,0.81,1.38,1.38,76.2,52
1,20180717,113,0,0.01,0.02,0.02,68.4,61
1,20180718,86,0,0,0,0,92.4,30
1,20180718,192,0,0,0,0,71.5,66
1,20180719,106,0.17,0.83,1.55,1.55,74.4,50
1,20180719,222,0,0,1.18,1.18,84,55
1,20180719,163,0,0.12,0.32,0.34,73.7,61
1,20180719,250,0,0,0.14,0.14,81,48
1,20180720,125,0,0,0,0,90,34
1,20180720,148,0,0,0.03,0.03,81.3,41
1,20180720,153,0,0.03,0.03,0.03,75.6,70
1,20180721,142,0,0,0,0,86.8,35
1,20180721,64,0,0,0.02,0.02,71.7,63
1,20180721,211,0,0.39,0.41,0.41,69.2,71
1,20180721,107,0,0.3,0.68,1.21,67.2,85
1,20180722,12,0,0,0.75,0.75,80.3,57
1,20180723,251,0,0,0,0.07,84.8,34
1,20180723,86,0,0,0,0,87.2,45
1,20180723,126,0,0,1.07,2.97,70.6,60
1,20180723,225,0,0.02,1.67,2.97,79.7,48
1,20180724,194,0,0,0.24,0.24,81.5,41
1,20180724,250,0,0,0.14,0.14,78.8,65
1,20180725,204,0,0.01,0.03,0.04,90.7,29
1,20180725,13,0,0,0,0.46,85.7,31
1,20180725,192,0,0,0,0,73.5,45
1,20180725,113,0,0.01,0.02,0.02,72.3,53
1,20180725,77,0,0,0,0.21,71.6,57
1,20180726,187,0,0,0.01,0.04,63.5,68
1,20180727,57,0,0,0.16,1.69,79.3,22
1,20180727,194,0,0,0,0.24,78.8,43
1,20180727,224,0,0,0,1.14,82.1,46
1,20180727,159,0,0,0.15,0.99,85.9,48
1,20180727,139,0,0,0,0.01,76.8,51
1,20180727,44,0,0.04,0.04,0.3,82.3,52
1,20180727,153,0,0.03,0.03,0.03,77.6,70
1,20180727,75,0,0,0,0.02,76.5,71
1,20180727,12,0,0,0,0.75,77.9,74
1,20180727,198,0,0,0.01,0.02,69.9,80
1,20180727,188,0,0,0,0.01,70.8,48
1,20180728,222,0,0,0.13,1.18,79.8,67
1,20180728,113,0,0.01,0.01,0.02,65.7,68
1,20180728,107,0.01,0.24,0.61,1.13,66.3,89
1,20180729,245,0,0,0.03,0.41,76.6,66
1,20180731,204,0,0.01,0.03,0.03,84.2,29
1,20180731,92,0,0,0,0.01,78.1,38
1,20180731,148,0,0,0,0.03,78.4,51
1,20180801,125,0,0,0,0,89.4,30
1,20180801,208,0,0.11,0.14,0.25,96.1,36
1,20180801,217,0,0,0,0,76.5,51
1,20180801,126,0,0,0.07,2.76,67.6,59
1,20180801,244,0,0,0,0.16,82.8,48
1,20180803,153,0,0.03,0.03,0.03,77.9,72
1,20180804,47,0,0.15,0.2,0.2,79.4,31
1,20180804,225,0,0.04,0.07,2.93,64.3,49
1,20180805,153,0,0.03,0.03,0.03,76.1,66
1,20180806,170,0,0.01,0.05,0.05,73.4,42
1,20180806,225,0,0.04,0.07,2.93,68.3,43
1,20180806,222,0,0,0.13,1.18,74.4,60
1,20180806,222,0,0,0.13,1.18,74.4,60
1,20180806,147,0.02,0.13,0.29,0.38,76.2,66
1,20180806,160,0,0,0,0.02,68.3,48
1,20180807,44,0,0.02,0.04,0.07,86.6,35
1,20180809,194,0,0,0,0.24,79.2,49
1,20180809,173,0,0.03,0.03,0.05,75.1,48
1,20180809,188,0,0,0,0.01,70.8,48
1,20180810,224,0,0,0,1.13,80.1,41
1,20180811,188,0,0,0,0.01,70.8,48
1,20180812,211,0,0,0.39,0.41,66.1,65
1,20180813,224,0,0,0,1.13,76.2,37
1,20180815,228,0,0,0,0.28,72.5,39
1,20180815,35,0,0.43,1.11,1.41,73.3,43
1,20180816,57,0,0,0.16,1.24,73.9,29
1,20180816,114,0,0,1.96,2.98,64.8,74
1,20180817,125,0,0,0,0,85.2,36
1,20180817,147,0,0.09,0.23,0.37,74.2,76
1,20180818,244,0,0,0,0.16,86.9,48
1,20180819,194,0,0,0,0.24,77.5,38
1,20180819,191,0.01,0.09,0.18,0.54,70.2,52
1,20180819,126,0,0.01,0.01,1.3,63,66
1,20180822,191,0,0.09,0.18,0.53,65.6,70
1,20180823,113,0,0,0.01,0.02,65.2,70
1,20180825,57,0,0,0,0.16,64.7,25
1,20180826,195,0,0,0,0,74.4,31
1,20180826,169,0,0,0,0,75.2,48
1,20180827,227,0,0,0,0,65,49
1,20180827,226,0,0.08,0.18,0.3,66.8,62
1,20180830,222,0,0,0,0.13,68.3,64
1,20180831,12,0,0,0,0,74.6,61
1,20180901,106,0,0,0.48,1.08,69,48
1,20180902,195,0,0,0,0,78.4,37
1,20180902,125,0,0,0,0,78.9,41
1,20180903,235,0,0.01,0.01,0.01,70.8,60
1,20180903,165,0,0,0,0.7,64.3,83
1,20180904,220,0,0,0.02,0.06,80.5,36
1,20180904,199,0,0.02,0.02,0.02,58.7,47
1,20180904,126,0,0.03,0.03,0.03,62.7,76
1,20180904,179,0,0.04,0.13,0.13,70.5,76
1,20180905,212,0,0,0,0,64.8,67
1,20180905,163,0,0.3,0.8,0.91,64.1,72
1,20180908,224,0,0,0,0,71.6,36
1,20180908,56,0,0,0,0,75.8,41
1,20180909,90,0,0,0.32,0.57,58.7,35
1,20180910,43,0,0,0.15,0.18,59.9,45
1,20180912,224,0,0,0,0,66.4,41
1,20180913,222,0,0,0,0.13,64.2,61
1,20180914,139,0,0,0.01,0.01,63.6,55
1,20180916,113,0,0,0,0.01,61.6,57
1,20180920,77,0,0.01,0.01,0.01,67.1,41
1,20180922,183,0,0.06,0.07,0.31,74.4,16
1,20180922,125,0,0,0,0,77.3,34
1,20180922,222,0,0,0,0,67.5,51
1,20180923,15,0,0,0,0,75.7,32
1,20180924,204,0,0,0,0.01,67.9,58
1,20180926,225,0,0,0.04,0.08,57,42
1,20180928,222,0,0,0,0,69,51
1,20180928,222,0,0,0,0,69,51
1,20180929,35,0,0.05,0.05,1.16,65.8,25
1,20181002,152,0,0.15,0.23,0.23,67.5,80
1,20181002,250,0.46,0.46,0.46,0.46,67.8,83
1,20181007,148,0,0.2,0.2,0.2,60.2,53
1,20181007,246,0,0.15,0.15,0.15,42.6,58
1,20181010,70,0,0.34,0.34,0.34,61.2,72
1,20181013,57,0,0.29,0.29,0.29,47.9,38
1,20181014,250,0,0.46,0.46,0.46,67,19
1,20181014,245,0,0.46,0.5,0.5,62.4,69
1,20181015,246,0,0.23,0.23,0.23,34.4,33
1,20181019,225,0,0.32,0.34,0.38,49.2,45
1,20181024,90,0,1.04,1.04,1.04,44.2,61
1,20181030,106,0,0,0,0,52,48
1,20181103,224,0,0.35,0.71,0.71,65.5,30
1,20181105,106,0,0,0,0,53.4,48
1,20181108,224,0,0,0.71,0.71,61.6,14
1,20181108,224,0,0,0.71,0.71,61.6,14
1,20181108,250,0,0,0.46,0.46,60.5,18
1,20181108,250,0,0,0.46,0.46,60.5,18
1,20181108,12,0,0,0.69,0.69,55.5,24
1,20181108,106,0,0,0,0,40.2,48
1,20181108,106,0,0,0,0,40.2,48
1,20181112,77,0,0.01,1.41,1.42,50.1,32
1,20181112,226,0.04,0.82,1.62,1.75,47.3,36
1,20181113,217,0,0,0,0,66.1,7
1,20181114,148,0,0,0.2,0.2,43.3,59
1,20181115,224,0,0,0.71,0.71,43.7,50
1,20181115,224,0,0,0.71,0.71,43.7,50
1,20181116,219,0,0.01,0.32,0.32,60.2,29
1,20181129,106,0,0,0,0,51.6,48
1,20190101,224,0,4.57,9.35,9.92,47.8,28
1,20190428,222,0,0.56,5.66,13.91,65.8,63
1,20190430,125,0,0.08,1.93,2.95,63.3,62
1,20190430,12,0,1.32,5.01,16.32,59.2,67
1,20190501,5,0,0.06,1.94,3.28,65.7,53
1,20190503,12,0,0.8,4.11,15.75,63.6,59
1,20190507,146,0,0.17,0.55,0.55,63.8,59
1,20190510,240,0.05,0.46,1.32,5.2,57.2,80
1,20190513,147,0,0.29,0.54,4.3,63.2,76
1,20190518,218,0,0,0,0.16,74.5,30
1,20190520,195,0,3.18,6.17,12.84,54.3,66
1,20190520,222,0,2.7,4.44,9.79,57.4,72
1,20190529,142,0,3.28,3.74,6.05,70.1,51
1,20190529,191,0.02,2.09,2.43,5.31,62.8,70
1,20190529,202,0.01,1.93,2.46,4.83,56,89
1,20190530,135,0,0,0.16,0.29,78.5,34
1,20190530,52,0,1.75,1.93,8.09,56.5,85
1,20190601,211,0,1.78,1.84,4.11,59.1,90
1,20190602,169,0,1.9,2.01,4.21,73.4,52
1,20190603,86,0,1.92,2.09,4.32,76.6,49
1,20190603,258,0,2.14,2.33,5.73,76.4,51
1,20190605,211,0,1.78,1.78,3.42,66.2,76
1,20190606,71,0,1.25,1.44,3.27,70.5,36
1,20190607,169,0,1.9,2.01,2.05,68.4,38
1,20190607,163,0,0.49,0.92,2.66,64.1,42
1,20190607,113,0,1.33,1.47,2,61.2,48
1,20190608,226,0,3.05,3.53,5.92,73.1,26
1,20190608,212,0,2.27,2.4,4.27,73.7,26
1,20190608,235,0,2.71,2.74,5.56,70.7,37
1,20190608,236,0,4.12,5.05,6.4,46.2,46
1,20190609,195,0,4.44,4.82,7.94,74.5,39
1,20190610,218,0,0.02,0.02,0.06,91,17
1,20190610,77,0,3.5,3.51,7.23,80.6,36
1,20190610,169,0,1.9,2.01,2.05,81.1,40
1,20190610,170,0,1.31,1.35,3.63,81.6,48
1,20190612,84,0,3.08,3.38,8.46,84.1,35
1,20190612,163,0,0.4,0.92,2.37,69.8,54
1,20190614,211,0,1.77,1.78,2.9,60.9,88
1,20190615,225,0,1,1.19,2.86,69.1,47
1,20190616,236,0,4.08,4.95,6.3,64.8,45
1,20190617,12,0,2.77,5.11,7.92,76.3,34
1,20190620,153,0,0.16,0.98,1.09,67.4,82
1,20190621,15,0,0.21,2.94,3.43,73.5,44
1,20190621,240,0,0.42,1.06,1.09,65.8,70
1,20190622,84,0,0.59,3.08,6.83,79.2,28
1,20190624,153,0,0.14,0.98,1.09,69.1,82
1,20190625,84,0,0.59,3.08,5.7,77.1,41
1,20190626,195,0,0.09,4.65,6.02,67.9,47
1,20190626,224,0.41,0.52,4.58,7.58,65.8,54
1,20190626,71,0,0,1.28,2.06,68.1,54
1,20190626,113,0,0.01,1.36,1.49,61.6,67
1,20190626,211,0,0,1.78,1.88,64,71
1,20190627,240,0,0,1.06,1.09,67.4,58
1,20190628,84,0,0.04,3.08,4.93,71,42
1,20190629,240,0,0,1.05,1.09,70.7,39
1,20190629,148,0,0,2.26,2.29,71.3,41
1,20190629,244,0,0.35,2.66,3.13,71.3,57
1,20190629,147,0,0.02,1.15,1.36,68.1,73
1,20190702,211,0,0,1.78,1.84,63.6,74
1,20190703,191,0,0,1.99,2.29,64.7,63
1,20190705,57,0,0,1.36,1.6,69.9,36
1,20190705,224,0,0.41,4.58,5.85,77.6,46
1,20190705,249,0,0.01,1.53,1.64,75.5,49
1,20190705,170,0,0.01,1.32,1.36,75,51
1,20190706,84,0,0,3.08,3.8,78.7,44
1,20190708,148,0,0,2.26,2.28,69.8,48
1,20190708,163,0,0.01,0.49,0.93,60.9,72
1,20190709,113,0,0.01,1.33,1.48,63,70
1,20190711,239,0,0.04,0.72,1.09,81.8,36
1,20190712,239,0,0.04,0.72,1.09,84.3,34
1,20190712,224,0,0.41,4.58,5.14,81,49
1,20190712,191,0,0,1.89,2.16,69.6,61
1,20190712,147,0,0.02,0.96,1.25,68.7,77
1,20190713,240,0,0,0.6,1.06,80.2,37
1,20190713,194,0,0,2.12,2.26,80,53
1,20190714,57,0,0,1.25,1.49,70.8,30
1,20190714,198,0,0.03,1.39,1.4,66.3,83
1,20190715,57,0,0,1.25,1.49,70,36
1,20190715,80,0,0,2.25,2.41,81.7,43
1,20190715,211,0,0,1.48,1.78,73.1,54
1,20190716,218,0,0,0.02,0.02,94,20
1,20190716,248,0,0.01,1.36,1.9,73.4,56
1,20190717,90,0,0.05,1.23,1.72,66.3,50
1,20190717,147,0,0.01,0.91,1.24,67,77
1,20190718,194,0,0,0.83,2.12,78.3,57
1,20190718,71,0,0,0.51,1.28,74.6,64
1,20190721,125,0,0,0.67,2.88,83.6,44
1,20190721,148,0,0,0.33,2.26,76.9,47
1,20190722,117,0,0,0,0.52,84.7,28
1,20190722,77,0,0.01,0.06,3.51,71.1,64
1,20190723,244,0,0,0.87,2.66,77.9,59
1,20190724,212,0,0,0.04,2.27,77.1,42
1,20190724,211,0,0,0.24,1.78,75.3,45
1,20190724,202,0,0.02,0.27,2.03,62.5,82
1,20190727,106,0,0,0.48,4.42,77.3,46
1,20190727,225,0,0,0.02,1.08,70.3,55
1,20190727,225,0,0,0.02,1.08,70.3,55
1,20190728,106,0,0,0.48,4.42,77.7,48
1,20190728,64,0,0,0,1.49,70.3,53
1,20190728,255,0,0,0,0.87,77.5,62
1,20190728,147,0,0,0.02,1.21,69.7,80
1,20190729,113,0,0,0.01,1.36,63.5,72
1,20190730,13,0,0,0.02,6.01,79.8,33
1,20190730,113,0,0,0.01,1.36,62.2,72
1,20190731,125,0,0,0,2.86,84.3,32
1,20190801,147,0,0,0.02,1.11,70.3,77
1,20190802,90,0,0.05,0.05,1.4,66.4,40
1,20190802,131,0,0.05,0.07,3.64,76.7,50
1,20190802,131,0,0.05,0.07,3.64,76.7,50
1,20190803,233,0,1.86,1.86,2.28,90.5,20
1,20190803,204,0,0.01,0.01,0.78,81,28
1,20190803,170,0,0,0.01,1.32,74.2,58
1,20190804,224,0,0,0.41,4.58,79.5,43
1,20190805,240,0,0,0,0.65,77.9,32
1,20190805,125,0,0,0,2.86,85.9,38
1,20190807,57,0,0,0,1.25,75.7,30
1,20190807,57,0,0,0,1.25,75.7,30
1,20190807,47,0,0,0,1.26,74.6,47
1,20190808,57,0,0,0,1.25,72.5,30
1,20190808,90,0,0,0.05,1.4,67.5,39
1,20190808,194,0,0,0,2.12,74,50
1,20190809,236,0,0.02,0.04,4.16,59.6,58
1,20190809,191,0,0.02,0.02,1.97,67.9,63
1,20190810,155,0,0,0,2.95,72.8,62
1,20190812,139,0,0.01,0.03,2.52,79.3,41
1,20190812,240,0,0,0,0.6,71.7,49
1,20190812,106,0,0,0,4.31,70.3,54
1,20190813,220,0,0.01,0.01,0.35,80.2,23
1,20190813,224,0,0.59,1,5.17,78,46
1,20190814,228,0,0,0,4.92,82,32
1,20190814,250,0,0,0,0.82,80.9,59
1,20190815,228,0,0,0,3.64,83.7,30
1,20190815,224,0,0.59,1,3.82,85.4,35
1,20190815,148,0,0,0,1.41,79.3,48
1,20190815,211,0,0,0,1.23,74.8,53
1,20190815,147,0,0,0.01,0.91,69.7,77
1,20190816,148,0,0,0,1.37,80,45
1,20190816,147,0,0,0.01,0.91,67,78
1,20190821,191,0,0,0.02,0.07,70.8,62
1,20190822,224,0,0.59,1,1.61,82.4,37
1,20190822,237,0,0,0.01,0.11,74,42
1,20190824,57,0,0,0,0.85,75.5,35
1,20190824,57,0,0,0,0.85,75.5,35
1,20190825,44,0,0,0,0.01,79.1,49
1,20190825,147,0,0,0,0.07,77.1,51
1,20190825,147,0,0,0,0.07,77.1,51
1,20190825,211,0,0,0,0,69.1,68
1,20190827,237,0,0.01,0.02,0.04,79,42
1,20190828,57,0.03,0.03,0.03,0.3,74.7,37
1,20190831,191,0,0,0.02,0.02,73.7,50
1,20190831,258,0,0,0,0,81,52
1,20190901,113,0,0,0,0.01,73.1,50
1,20190901,198,0,0,0,0.03,69.8,77
1,20190902,13,0,0,0.01,0.01,85.5,35
1,20190902,126,0,0,0,0.19,72.1,52
1,20190902,191,0,0,0.02,0.02,71.1,55
1,20190903,117,0,0,0,0,84.1,36
1,20190903,104,0,0,0.02,0.12,65.4,71
1,20190904,70,0,0,0,0.01,78.2,49
1,20190904,57,0.16,0.19,0.19,0.19,67.7,50
1,20190904,64,0,0.01,0.01,0.01,72.1,60
1,20190904,143,0,0,0,0,68.4,63
1,20190905,222,0,0,0,0,76.1,48
1,20190905,222,0,0,0,0,76.1,48
1,20190905,90,0.06,0.63,0.68,0.68,68.3,55
1,20190905,106,0,0,0,0,73.3,55
1,20190906,57,0,0.19,0.19,0.19,68.3,36
1,20190906,258,0,0,0,0,81,47
1,20190906,189,0,0.1,0.1,0.12,75,52
1,20190906,35,0,0.02,0.03,0.13,71,56
1,20190906,35,0,0.02,0.03,0.13,71,56
1,20190906,222,0,0,0,0,71.9,56
1,20190906,244,0,0.03,0.03,0.03,69.9,64
1,20190907,239,0,0.01,0.03,0.07,79.4,41
1,20190907,44,0,0,0,0.01,78,46
1,20190907,225,0,0.7,0.7,0.71,63.1,52
1,20190907,225,0,0.7,0.7,0.71,63.1,52
1,20190907,225,0,0.7,0.7,0.71,63.1,52
1,20190907,106,0,0,0,0,65.4,68
1,20190907,244,0,0.03,0.03,0.03,66.3,73
1,20190909,62,0,0.03,0.06,0.12,66.5,76
1,20190910,225,0,0.12,0.7,0.71,55.9,62
1,20190911,71,0,0,0,0,67.7,68
1,20190912,240,0,0,0,0,82.3,22
1,20190913,206,0,0,0,0,74,53
1,20190914,237,0,0.03,0.03,0.06,84.2,26
1,20190915,240,0,0,0,0,75.1,28
1,20190915,225,0.03,0.16,0.74,0.75,58.4,60
1,20190920,195,0,0.94,0.94,1.11,66.5,50
1,20190921,239,0,0.08,0.1,0.1,73.3,34
1,20190921,52,0,0,0,0,73.3,35
1,20190921,224,0,0.62,1.21,1.62,70.9,43
1,20190922,227,0,1.18,1.18,1.18,67.9,45
1,20190923,211,0,0,0,0,67.8,58
1,20190924,194,0,0.14,0.14,0.14,74.8,60
1,20190924,147,0,0.02,0.02,0.02,69.4,68
1,20190925,227,0,1.18,1.18,1.18,76,37
1,20190925,153,0,0,0,0,78.6,48
1,20190926,212,0,0.02,0.04,0.04,71.3,63
1,20190928,12,0,0.24,0.24,0.24,61.7,54
1,20190929,228,0,1.3,1.3,1.3,50.5,63
1,20190930,205,0,0,0,0,59.1,39
1,20190930,179,0,0.09,0.12,0.12,58.3,68
1,20191001,202,0,0.02,0.1,0.12,58,58
1,20191003,71,0,0.08,0.08,0.08,59.2,57
1,20191004,106,0,0.01,0.01,0.01,56.5,55
1,20191004,225,0,0.44,1.02,1.02,45.2,58
1,20191006,222,0,0.31,0.31,0.31,66.8,39
1,20191006,148,0,0.07,0.07,0.07,62,56
1,20191007,211,0,0,0,0,65.8,40
1,20191007,109,0,0.05,0.05,0.05,65,48
1,20191008,222,0,0.31,0.31,0.31,64.6,46
1,20191009,222,0,0.31,0.31,0.31,62.1,21
1,20191009,191,0,0.13,0.13,0.15,60.6,42
1,20191009,163,0,0,0.01,0.04,55.5,59
1,20191009,113,0,0,0,0,58.4,65
1,20191010,224,0,0.9,0.9,1.49,64.4,13
1,20191010,215,0.01,0.02,0.02,0.02,66.1,21
1,20191010,152,0,0.07,0.1,0.11,67.9,24
1,20191010,44,0,0.01,0.01,0.01,65.7,26
1,20191010,44,0,0.01,0.01,0.01,65.7,26
1,20191010,44,0,0.01,0.01,0.01,65.7,26
1,20191010,178,0,0,0,0,57,27
1,20191010,239,0,0.12,0.13,0.15,64.7,35
1,20191011,13,0,2.15,2.16,2.17,64.1,32
1,20191011,163,0,0,0,0.04,54,36
1,20191011,198,0,0.01,0.01,0.01,74.9,48
1,20191013,57,0,1.45,1.64,1.64,45.9,39
1,20191014,136,0,0.01,0.04,0.07,72.4,39
1,20191015,184,0,0.11,0.15,0.22,65.2,79
1,20191015,213,0,0.19,0.21,0.22,53.7,87
1,20191017,106,0,0.01,0.01,0.01,55.1,67
1,20191017,64,0,0.06,0.07,0.07,59.4,67
1,20191018,205,0,0,0,0,60.5,42
1,20191021,251,0,0.06,0.14,0.43,72.6,24
1,20191021,99,0,0.03,0.03,0.03,77.3,24
1,20191022,153,0,0.01,0.01,0.01,73.8,40
1,20191023,250,0,0,0.06,0.06,75.6,48
1,20191024,204,0,0,0,0.01,79.3,6
1,20191024,192,0,0.07,0.27,0.55,54,24
1,20191024,157,0,0.01,0.02,0.04,70.4,27
1,20191024,12,0,0.13,0.37,0.37,67.2,28
1,20191024,191,0,0.03,0.13,0.13,66.6,30
1,20191024,153,0,0.01,0.01,0.01,77.4,48
1,20191025,170,0,0.01,0.22,0.22,65.6,33
1,20191025,253,0,0.09,0.38,0.41,66.8,48
1,20191027,213,0,0.01,0.21,0.21,59.7,20
1,20191027,212,0,0,0.02,0.04,59.9,22
1,20191027,222,0,0.02,0.33,0.33,56,24
1,20191027,247,0,0.02,0.09,0.09,60.4,27
1,20191027,44,0,0.01,0.01,0.01,62.3,44
1,20191027,153,0,0.01,0.01,0.01,58.3,85
1,20191028,192,0,0.05,0.16,0.51,38.5,33
1,20191030,217,0,0,0.16,0.31,59.7,7
1,20191030,44,0,0,0.01,0.01,57,14
1,20191031,147,0,0.01,0.07,0.07,63.2,17
1,20191031,103,0,0.03,0.14,0.14,50,35
1,20191031,106,0,0.01,0.02,0.02,47.7,38
1,20191031,99,0,0,0.03,0.03,64.9,48
1,20191101,44,0,0,0.01,0.01,63.1,9
1,20191103,222,0,0.02,0.33,0.33,52.6,50
1,20191105,152,0.05,0.26,0.33,0.36,56,71
1,20191125,226,0,0,0,0,51.5,38
1,20191125,195,0,0.01,0.43,1.37,49.3,45
1,20191125,107,0,0.22,0.31,0.39,59.7,50
