Extinguished (Date),Counties (Location),CountyIds (might not need this one),Latitude,Longitude,Wildfire_Probability,AcresBurned,Avg_Temperature,Avg_Humidity,Rainfall_30,Rainfall_60,Rainfall_90
2013-09-06T18:30:00Z,Tuolumne,55,37.857,-120.086,,257314,,,,,
2013-06-08T18:30:00Z,Los Angeles,19,34.585595,-118.423176,,30274,,,,,
2013-07-30T18:00:00Z,Riverside,33,33.7095,-116.72885,,27531,,,,,
2013-08-30T08:00:00Z,Placer,31,39.12,-120.65,,27440,,,,,
2013-05-11T06:30:00Z,Ventura,56,0,0,,24251,,,,,
2013-09-24T20:15:00Z,Fresno,10,37.279,-119.318,,22992,,,,,
2013-08-12T18:00:00Z,Riverside,33,33.86157,-116.90427,,20292,,,,,
2013-08-31T06:45:00Z,Siskiyou,47,41.32,-123.176,,14754,,,,,
2013-08-12T12:00:00Z,Humboldt,12,41.035,-123.488,,12503,,,,,
2013-08-29T16:45:00Z,Tehama,52,40.04263,-121.85397,,11429,,,,,
2013-09-15T07:30:00Z,Shasta,45,40.498332,-122.535496,,8073,,,,,
2013-07-15T06:15:00Z,San Diego,37,32.95435,-116.47381,,7055,,,,,
2013-05-09T09:00:00Z,Tehama,52,40.190062,-121.595555,,6965,,,,,
2013-05-21T19:45:00Z,Kern,"15,56",34.7861,-118.9411,,4346,,,,,
2013-05-21T19:45:00Z,Ventura,"15,56",34.7861,-118.9411,,4346,,,,,
2013-11-27T18:15:00Z,Sonoma,49,38.8167,-122.8498,,3505,,,,,
2013-05-04T18:30:00Z,Riverside,33,34.288877,-116.941311,,3166,,,,,
2013-09-14T17:30:00Z,Contra Costa,7,37.90757,-121.882582,,3111,,,,,
2013-05-26T17:45:00Z,San Diego,37,33.12111,-116.52579,,2781,,,,,
2013-08-22T18:00:00Z,Butte,4,39.446268,-121.38236,,2462,,,,,
2013-10-09T19:00:00Z,San Diego,37,33.341,-117.3092,,2236,,,,,
2013-09-24T20:15:00Z,Tulare,54,36.208,-118.444,,2060,,,,,
2013-05-30T19:30:00Z,Santa Barbara,42,34.55048,-119.82429,,1984,,,,,
2013-06-26T11:15:00Z,Mariposa,22,37.58202,-119.91071,,1708,,,,,
2013-08-09T18:45:00Z,Riverside,"33,",33.62236,-117.40288,,1383,,,,,
2013-05-31T06:15:00Z,San Diego,37,33.04458,-116.5209,,1271,,,,,
2013-08-14T08:30:00Z,Tuolumne,55,38.25108,-120.02778,,1070,,,,,
2013-12-20T20:00:00Z,Monterey,27,0,0,,917,,,,,
2013-08-24T13:45:00Z,Kern,15,35.707,-118.588,,794,,,,,
2013-07-22T18:45:00Z,Kern,15,34.882,-118.9194,,712,,,,,
2013-05-18T19:00:00Z,Los Angeles,19,34.49149,-118.610044,,712,,,,,
2013-07-25T18:30:00Z,Kern,15,34.90327,-118.93388,,612,,,,,
2013-07-11T18:30:00Z,El Dorado,9,38.774,-120.298,,572,,,,,
2013-07-01T06:00:00Z,San Bernardino,36,34.071556,-117.048397,,534,,,,,
2013-08-25T13:15:00Z,Plumas,32,40.00842,-120.764666,,513,,,,,
2013-05-05T18:45:00Z,Riverside,33,33.894055,-116.855019,,510,,,,,
2013-07-05T18:30:00Z,Modoc,25,41.2415,-121.035,,502,,,,,
2013-06-03T18:30:00Z,San Luis Obispo,40,35.15832,-120.05131,,500,,,,,
2013-07-01T18:40:00Z,Contra Costa,7,37.96866,-121.91453,,492,,,,,
2013-06-18T19:30:00Z,Madera,20,37.015575,-119.78106,,482,,,,,
2013-08-20T13:32:00Z,San Bernardino,36,34.302,-117.598,,413,,,,,
2013-02-28T20:00:00Z,Inyo,14,36.602575,-118.01651,,406,,,,,
2013-10-04T16:55:00Z,Napa,28,38.628,-122.289,,376,,,,,
2013-05-03T18:45:00Z,San Benito,35,37.160346,-120.937494,,354,,,,,
2013-03-02T19:00:00Z,Riverside,33,0,0,,311,,,,,
2013-10-05T22:00:00Z,Butte,4,39.439,-121.497,,305,,,,,
2013-05-30T13:25:00Z,San Joaquin,39,38.04993,-120.90325,,303,,,,,
2013-06-03T20:00:00Z,Butte,4,39.434183,-121.576804,,298,,,,,
2013-01-23T10:15:00Z,Lake,17,0,0,,296,,,,,
2013-07-01T18:30:00Z,Contra Costa,7,39.90465,-121.74367,,274,,,,,
2013-05-01T07:00:00Z,Madera,20,37.116295,-119.635004,,274,,,,,
2013-09-28T08:00:00Z,Los Angeles,19,34.149,-117.908,,268,,,,,
2013-09-12T18:15:00Z,San Diego,37,32.710918,-116.746023,,263,,,,,
2013-08-13T23:45:00Z,San Bernardino,36,34.35,-117.62,,243,,,,,
2013-06-08T13:25:00Z,Alameda,1,37.775057,-121.737213,,240,,,,,
2013-06-13T14:15:00Z,Placer,31,38.729297,-121.380862,,237,,,,,
2013-06-17T09:00:00Z,Glenn,11,0,0,,226,,,,,
2013-05-05T18:00:00Z,Glenn,11,39.514139,-122.560862,,217,,,,,
2013-07-17T19:30:00Z,Monterey,27,0,0,,213,,,,,
2013-09-30T08:30:00Z,San Bernardino,36,34.2,-117.417,,200,,,,,
2013-07-04T10:30:00Z,Tehama,52,40.012398,-122.079871,,200,,,,,
2013-08-23T19:15:00Z,Shasta,45,40.5445,-121.3754,,196,,,,,
2013-07-19T15:00:00Z,Tehama,52,39.961309,-122.330879,,195,,,,,
2013-11-23T18:30:00Z,Napa,28,38.382,-122.311,,190,,,,,
2013-05-29T10:30:00Z,Santa Barbara,42,34.611824,-120.074655,,170,,,,,
2013-11-04T15:35:00Z,Yolo,57,38.67479,-122.08725,,163,,,,,
2013-07-19T17:15:00Z,El Dorado,"9,34",38.63987,-121.08438,,163,,,,,
2013-07-19T17:15:00Z,Sacramento,"9,34",38.63987,-121.08438,,163,,,,,
2013-10-05T07:45:00Z,Sonoma,49,38.34599,-122.6503,,159,,,,,
2013-07-26T17:45:00Z,Sonoma,49,38.17693,-122.51253,,158,,,,,
2013-10-04T10:30:00Z,Alameda,1,0,0,,150,,,,,
2013-07-17T07:45:00Z,Riverside,33,33.990128,-117.164997,,150,,,,,
2013-07-13T21:45:00Z,Stanislaus,50,37.436,-121.1955,,150,,,,,
2013-06-25T17:15:00Z,Fresno,10,36.7218,-119.2248,,150,,,,,
2013-05-22T09:30:00Z,Butte,4,0,0,,150,,,,,
2013-05-29T15:30:00Z,Los Angeles,19,34.419284,-118.58688,,149,,,,,
2013-09-24T20:15:00Z,Tulare,54,36.258,-118.459,,134,,,,,
2013-05-03T06:15:00Z,Sonoma,49,38.638828,-122.655616,,125,,,,,
2013-06-18T22:30:00Z,Solano,48,38.08744,-122.13802,,124,,,,,
2013-06-05T08:30:00Z,Merced,24,37.03776,-121.006939,,124,,,,,
2013-05-25T23:00:00Z,Riverside,33,33.963591,-117.187934,,124,,,,,
2013-11-10T18:30:00Z,Lake,17,38.882214,-122.567525,,120,,,,,
2013-08-16T17:55:00Z,El Dorado,9,38.682378,-120.839075,,116,,,,,
2013-08-18T20:55:00Z,San Bernardino,36,34.287,-117.451,,110,,,,,
2013-06-13T21:30:00Z,Fresno,10,36.772425,-119.628389,,108,,,,,
2013-06-29T18:30:00Z,Monterey,27,36.1531,-120.8973,,105,,,,,
2013-08-11T19:15:00Z,Los Angeles,19,0,0,,100,,,,,
2013-06-02T16:55:00Z,Tuolumne,55,37.91529,-120.33313,,100,,,,,
2013-05-23T08:30:00Z,San Diego,37,32.564465,-116.900368,,100,,,,,
2013-09-29T18:15:00Z,Mendocino,23,38.9252,-122.966,,98,,,,,
2013-09-24T20:15:00Z,Modoc,25,41.73325,-120.375,,97,,,,,
2013-08-30T08:00:00Z,San Bernardino,36,33.642,-116.706,,97,,,,,
2013-08-12T09:30:00Z,Lassen,18,40.88886,-120.958126,,97,,,,,
2013-06-13T09:45:00Z,Amador,3,38.27783,-120.966016,,96,,,,,
2013-09-24T17:30:00Z,San Luis Obispo,40,35.4393,-120.8358,,94,,,,,
2013-08-04T14:45:00Z,Butte,4,39.6612,-121.50354,,92,,,,,
2013-05-20T19:10:00Z,Madera,20,37.1927,-119.7917,,91,,,,,
2013-05-21T19:30:00Z,Riverside,33,33.9582,-116.6534,,90,,,,,
2013-07-07T22:00:00Z,San Luis Obispo,40,35.62743,-120.83417,,85,,,,,
2013-11-22T17:30:00Z,Mendocino,23,39.0442,-123.1478,,82,,,,,
2013-09-01T18:00:00Z,Butte,4,39.731878,-121.713938,,80,,,,,
2013-04-09T15:30:00Z,Fresno,10,0,0,,80,,,,,
2013-09-15T19:00:00Z,Tehama,52,0,0,,75,,,,,
2013-07-26T18:15:00Z,San Bernardino,36,34.316,-117.352,,75,,,,,
2013-06-14T16:30:00Z,Madera,20,37.169379,-119.75636,,75,,,,,
2013-05-15T08:15:00Z,San Bernardino,36,34.1834,-117.4408,,75,,,,,
2013-05-01T17:15:00Z,Napa,28,38.441792,-122.350844,,75,,,,,
2013-09-12T08:45:00Z,San Bernardino,36,34.003151,-117.106075,,73,,,,,
2013-07-08T17:30:00Z,Yuba,58,39.206,-121.31634,,73,,,,,
2013-05-04T19:00:00Z,Butte,4,0,0,,72,,,,,
2013-08-18T18:30:00Z,Lake,17,39.013682,-122.491894,,70,,,,,
2013-09-05T21:00:00Z,Modoc,25,41.569,-120.959,,68,,,,,
2013-11-15T16:00:00Z,Ventura,56,34.384,-119.13249,,64,,,,,
2013-08-08T09:00:00Z,Riverside,33,38.838,-116.61,,60,,,,,
2013-08-04T18:00:00Z,Riverside,33,33.91027,-116.99895,,60,,,,,
2013-08-31T21:30:00Z,Nevada,29,39.333401,-121.107022,,52,,,,,
2013-11-09T17:00:00Z,San Luis Obispo,40,35.457978,-120.751555,,51,,,,,
2013-11-24T08:45:00Z,Lake,17,39.0448,-122.7656,,50,,,,,
2013-08-15T17:00:00Z,Siskiyou,47,41.923323,-122.578393,,50,,,,,
2013-07-12T17:45:00Z,Santa Clara,43,37.1438,-121.7804,,50,,,,,
2013-07-04T11:30:00Z,Alameda,1,37.7393,-121.5869,,50,,,,,
2013-05-25T18:45:00Z,San Luis Obispo,40,35.5123,-120.6368,,50,,,,,
2013-08-19T07:10:00Z,Calaveras,5,38.06231,-120.45233,,46,,,,,
2013-06-19T08:45:00Z,Fresno,10,37.03087,-119.463757,,46,,,,,
2013-07-23T16:00:00Z,Mendocino,23,38.980846,-123.067671,,45,,,,,
2013-12-11T17:30:00Z,Ventura,56,0,0,,44,,,,,
2013-07-09T15:00:00Z,Shasta,45,40.373,-122.7338,,43,,,,,
2013-06-08T19:00:00Z,Riverside,33,33.96936,-117.1265,,42,,,,,
2013-09-07T20:00:00Z,San Mateo,41,37.667295,-122.427285,,41,,,,,
2013-12-31T16:00:00Z,Santa Clara,43,37.342186,-121.717706,,40,,,,,
2013-10-09T08:00:00Z,Orange,30,33.7655,-117.6649,,40,,,,,
2013-09-28T09:15:00Z,San Diego,37,0,0,,40,,,,,
2013-08-16T21:00:00Z,Riverside,33,33.570291,-116.10815,,40,,,,,
2013-07-31T19:25:00Z,Siskiyou,47,0,0,,40,,,,,
2013-07-20T19:30:00Z,Riverside,33,33.9634,-117.2508,,40,,,,,
2013-06-15T08:00:00Z,Riverside,33,34.001745,-117.302057,,40,,,,,
2013-05-17T08:30:00Z,Riverside,33,33.655638,-116.161201,,40,,,,,
2013-08-24T11:45:00Z,El Dorado,9,38.89555,-120.84716,,38,,,,,
2013-08-07T18:30:00Z,Lake,17,39.1591,-122.5906,,38,,,,,
2013-07-06T14:30:00Z,Alameda,1,37.74241,-121.86216,,38,,,,,
2013-06-13T21:30:00Z,Fresno,10,36.763367,-119.558244,,35,,,,,
2013-05-20T19:10:00Z,San Luis Obispo,40,35.49864,-120.91375,,35,,,,,
2013-08-05T08:17:00Z,Shasta,45,0,0,,34,,,,,
2013-11-07T19:45:00Z,Shasta,45,40.483662,-122.140914,,33,,,,,
2013-07-23T15:10:00Z,Calaveras,5,37.965364,-120.696362,,31,,,,,
2013-09-15T17:14:00Z,Lake,17,38.9777,-122.683,,30,,,,,
2013-06-06T07:00:00Z,Lake,17,38.99233,-122.703193,,30,,,,,
2013-04-22T09:00:00Z,San Bernardino,36,34.288877,-116.941311,,30,,,,,
2013-06-14T15:45:00Z,Sonoma,"49,48,17,6",38.4229,-122.0437,,28,,,,,
2013-06-14T15:45:00Z,Solano,"49,48,17,6",38.4229,-122.0437,,28,,,,,
2013-06-14T15:45:00Z,Lake,"49,48,17,6",38.4229,-122.0437,,28,,,,,
2013-06-14T15:45:00Z,Colusa,"49,48,17,6",38.4229,-122.0437,,28,,,,,
2013-08-14T20:35:00Z,Shasta,45,40.473356,-122.48259,,27,,,,,
2013-07-28T17:50:00Z,San Diego,37,32.612773,-116.707335,,25,,,,,
2013-06-20T13:15:00Z,Lake,17,38.98058,-122.81796,,25,,,,,
2013-05-20T18:50:00Z,Riverside,33,33.96201,-116.907213,,25,,,,,
2013-11-24T18:45:00Z,Lake,17,38.9289,-122.5818,,23,,,,,
2013-12-30T20:30:00Z,Mendocino,23,0,0,,15,,,,,
2013-07-19T19:30:00Z,Riverside,33,33.94528,-117.09306,,15,,,,,
2013-05-13T09:00:00Z,Madera,20,0,0,,15,,,,,
2013-08-03T15:00:00Z,Humboldt,12,41.333,-123.376,,0,,,,,
2013-06-09T16:45:00Z,Riverside,33,33.99647,-116.84137,,0,,,,,
2014-10-09T17:20:00Z,El Dorado,9,38.805437,-120.629714,,97717,,,,,
2014-08-06T10:00:00Z,Siskiyou,47,0,0,,50042,,,,,
2014-08-15T14:00:00Z,Shasta,45,40.901,-121.368,,39736,,,,,
2014-08-18T09:45:00Z,Siskiyou,47,42.048,-122.345,,35302,,,,,
2014-09-02T13:00:00Z,Siskiyou,47,0,0,,32496,,,,,
2014-08-25T10:00:00Z,Shasta,45,40.72,-121.562,,32416,,,,,
2014-05-21T17:00:00Z,San Diego,37,0,0,,14416,,,,,
2014-07-28T14:30:00Z,Madera,20,0,0,,13838,,,,,
2014-08-13T07:00:00Z,Modoc,25,41.1336,-121.2144,,13153,,,,,
2014-07-26T20:00:00Z,Shasta,45,40.4314,-122.750788,,12661,,,,,
2014-09-09T19:30:00Z,Mendocino,23,0,0,,12536,,,,,
2014-07-12T18:00:00Z,Yolo,57,38.512,-122.104,,6488,,,,,
2014-11-14T13:00:00Z,Shasta,45,41.141,-122.805,,6258,,,,,
2014-08-18T10:00:00Z,Siskiyou,47,41.682,-122.127,,5503,,,,,
2014-05-19T09:20:00Z,San Diego,37,33.3529,-117.284889,,5367,,,,,
2014-06-21T19:00:00Z,Monterey,27,0,0,,4840,,,,,
2014-12-12T13:45:00Z,Mariposa,22,0,0,,4772,,,,,
2014-08-10T08:15:00Z,Mariposa,22,0,0,,4689,,,,,
2014-07-09T18:00:00Z,Napa,"28,17",38.664,-122.454,,4300,,,,,
2014-07-09T18:00:00Z,Lake,"28,17",38.664,-122.454,,4300,,,,,
2014-08-02T19:15:00Z,Amador,"3,9",38.5691,-120.7819,,4240,,,,,
2014-08-02T19:15:00Z,El Dorado,"3,9",38.5691,-120.7819,,4240,,,,,
2014-08-27T18:00:00Z,Kern,15,35.7206,-118.4747,,4045,,,,,
2014-06-20T08:30:00Z,Kern,15,35.70683,-118.555527,,3895,,,,,
2014-05-05T17:30:00Z,San Bernardino,36,34.169346,-117.547374,,2143,,,,,
2014-05-22T18:15:00Z,San Diego,37,33.1137,-117.1599,,1995,,,,,
2014-01-27T10:00:00Z,Los Angeles,19,34.1703,-117.8816,,1952,,,,,
2014-07-21T14:45:00Z,Kern,15,35.642,-118.15,,1680,,,,,
2014-07-03T10:30:00Z,Modoc,25,41.89,-120.79,,1651,,,,,
2014-05-17T20:14:00Z,San Diego,37,33.003,-117.133,,1548,,,,,
2014-07-07T07:00:00Z,Modoc,25,41.489,-120.904,,1469,,,,,
2014-05-20T23:30:00Z,San Diego,37,33.417572,-117.550567,,1457,,,,,
2014-09-16T09:30:00Z,Shasta,45,40.7101,-122.171,,1375,,,,,
2014-08-20T19:00:00Z,Mariposa,22,0,0,,1080,,,,,
2014-09-22T15:00:00Z,Orange,30,33.748,-117.601,,968,,,,,
2014-01-10T18:30:00Z,Tehama,52,40.134597,-121.790183,,865,,,,,
2014-06-02T18:30:00Z,Mariposa,22,0,0,,677,,,,,
2014-05-19T09:20:00Z,Santa Barbara,42,34.609,-120.454,,632,,,,,
2014-08-25T08:25:00Z,Madera,20,37.3433,-119.6581,,612,,,,,
2014-05-17T00:00:00Z,San Diego,37,33.1109,-117.279,,600,,,,,
2014-08-28T19:00:00Z,Trinity,53,40.7412,-122.946,,580,,,,,
2014-10-11T18:50:00Z,Siskiyou,47,41.42384,-122.37432,,516,,,,,
2014-06-05T20:00:00Z,Tuolumne,55,37.76617,-120.45087,,487,,,,,
2014-10-15T07:50:00Z,Placer,31,0,0,,459,,,,,
2014-09-17T16:10:00Z,Mendocino,23,0,0,,403,,,,,
2014-03-21T18:00:00Z,Monterey,27,36.6313,-121.4819,,400,,,,,
2014-08-01T17:30:00Z,Butte,4,0,0,,389,,,,,
2014-05-15T18:30:00Z,San Diego,37,33.312,-117.162,,380,,,,,
2014-03-16T08:30:00Z,Riverside,33,0,0,,350,,,,,
2014-01-08T19:15:00Z,Humboldt,12,40.884415,-123.773779,,333,,,,,
2014-09-22T07:15:00Z,Madera,20,37.311915,-119.604124,,320,,,,,
2014-10-12T18:00:00Z,Mariposa,22,37,40.34,,311,,,,,
2014-09-12T09:00:00Z,Mariposa,22,0,0,,300,,,,,
2014-07-25T09:15:00Z,Merced,24,0,0,,300,,,,,
2014-12-12T13:30:00Z,Los Angeles,19,34.267,-117.867,,274,,,,,
2014-06-06T09:30:00Z,Tuolumne,55,37.787,-120.452,,269,,,,,
2014-09-18T18:45:00Z,Nevada,29,39.113682,-120.999508,,247,,,,,
2014-06-13T13:50:00Z,Tehama,52,40.009827,-122.345078,,225,,,,,
2014-07-06T09:15:00Z,San Diego,37,33.078948,-116.576454,,217,,,,,
2014-09-15T11:00:00Z,Humboldt,12,41.134,-123.753,,210,,,,,
2014-12-12T14:00:00Z,Los Angeles,19,34.235,-117.771,,190,,,,,
2014-05-26T08:45:00Z,Lake,17,39.1647,-122.5983,,175,,,,,
2014-07-10T07:30:00Z,Shasta,45,40.6569,-122.2215,,143,,,,,
2014-06-13T18:30:00Z,Mariposa,22,37.7103,-120.197,,130,,,,,
2014-07-01T08:30:00Z,Santa Clara,43,0,0,,125,,,,,
2014-03-11T11:00:00Z,San Diego,37,32.81,-116.49,,125,,,,,
2014-06-21T19:00:00Z,Calaveras,5,120.679019,38.178241,,120,,,,,
2014-01-22T16:35:00Z,Placer,31,0,0,,120,,,,,
2014-04-21T19:15:00Z,Inyo,14,37.399,-118.352,,113,,,,,
2014-01-26T18:00:00Z,Fresno,10,36.8266,-119.3415,,106,,,,,
2014-05-19T09:20:00Z,San Diego,37,0,0,,105,,,,,
2014-08-13T06:15:00Z,Modoc,25,41.507,-121.266,,101,,,,,
2014-09-05T18:30:00Z,Lake,17,0,0,,100,,,,,
2014-09-01T22:00:00Z,Riverside,33,0,0,,100,,,,,
2014-09-17T18:45:00Z,El Dorado,9,38.59,-120.028,,94,,,,,
2014-06-08T19:45:00Z,Mariposa,22,0,0,,90,,,,,
2014-06-24T19:00:00Z,Calaveras,5,38.058,-120.66,,85,,,,,
2014-08-19T16:45:00Z,Nevada,29,39.3918,-120.0805,,84,,,,,
2014-08-31T08:15:00Z,Santa Clara,43,0,0,,80,,,,,
2014-07-12T18:00:00Z,Contra Costa,7,37.5359,-121.5118,,80,,,,,
2014-09-09T19:45:00Z,Mariposa,22,0,0,,79,,,,,
2014-07-24T09:00:00Z,Riverside,33,0,0,,78,,,,,
2014-07-08T18:30:00Z,Shasta,45,40.5719,-121.3415,,75,,,,,
2014-05-01T19:00:00Z,Monterey,27,36.103,-121.117,,75,,,,,
2014-07-16T08:00:00Z,Butte,4,39.4664,-121.6129,,72,,,,,
2014-09-05T09:15:00Z,Tuolumne,55,37.8316,-120.3434,,70,,,,,
2014-07-06T08:30:00Z,Kern,15,0,0,,70,,,,,
2014-06-13T08:00:00Z,Solano,48,121.999,38.453,,70,,,,,
2014-09-21T09:00:00Z,Inyo,14,0,0,,65,,,,,
2014-09-22T16:30:00Z,Mendocino,23,0,0,,62,,,,,
2014-01-02T07:30:00Z,Butte,4,0,0,,60,,,,,
2014-03-29T17:15:00Z,Riverside,33,33.5982,-116.1985,,57,,,,,
2014-05-20T11:30:00Z,San Diego,37,0,0,,56,,,,,
2014-05-15T11:30:00Z,Shasta,45,40.39,-122.721,,50,,,,,
2014-10-17T18:15:00Z,San Bernardino,36,33.93869,-117.70643,,48,,,,,
2014-07-08T18:30:00Z,San Luis Obispo,",40",35.8218,-121.0226,,47,,,,,
2014-06-11T07:30:00Z,Fresno,10,36.991825,-119.525506,,40,,,,,
2014-07-08T06:56:00Z,Nevada,29,39.1871,-121.2687,,38,,,,,
2014-08-02T08:00:00Z,Humboldt,12,0,0,,37,,,,,
2014-05-29T08:45:00Z,Stanislaus,50,0,0,,37,,,,,
2014-06-07T19:00:00Z,Riverside,33,0,0,,31,,,,,
2014-08-02T11:00:00Z,Siskiyou,47,0,0,,30,,,,,
2014-07-09T16:45:00Z,El Dorado,9,38.608336,-120.703238,,30,,,,,
2014-05-06T10:20:00Z,San Diego,37,32.665,-116.222,,29,,,,,
2014-09-15T14:20:00Z,Napa,28,38.695961,-122.384054,,27,,,,,
2014-09-30T15:00:00Z,Ventura,56,0,0,,25,,,,,
2014-08-29T13:15:00Z,Shasta,45,40,29.24,,25,,,,,
2014-06-09T19:15:00Z,Fresno,10,36.742747,-119.241493,,25,,,,,
2014-09-25T07:27:00Z,El Dorado,9,38.9195001,-120.1140659,,20,,,,,
2014-08-17T07:45:00Z,San Diego,37,32.59154,-116.89516,,20,,,,,
2014-01-04T18:30:00Z,Humboldt,12,0,0,,18,,,,,
2014-07-03T10:45:00Z,Trinity,53,40.41,-123.24,,15,,,,,
2014-07-22T18:00:00Z,Placer,31,0,0,,14,,,,,
2014-06-04T16:30:00Z,Riverside,33,0,0,,14,,,,,
2014-12-12T13:45:00Z,Madera,20,37,18.4,,10,,,,,
2014-08-31T18:00:00Z,Napa,28,0,0,,6,,,,,
2014-08-14T09:30:00Z,Siskiyou,47,41.796,-123.374,,0,,,,,
2015-11-09T12:00:00Z,Fresno,10,36.874,-118.905,,151623,,,,,
2015-07-31T20:25:00Z,Trinity,53,0,0,,77081,,,,,
2015-08-14T18:15:00Z,Lake,17,38.8863538,-122.4762475,,69438,,,,,
2015-08-24T10:00:00Z,Trinity,53,0,0,,36503,,,,,
2015-08-01T22:15:00Z,San Bernardino,36,34.16027778,-116.8927778,,31359,,,,,
2015-08-04T09:00:00Z,Del Norte,8,0,0,,30361,,,,,
2015-08-03T14:00:00Z,Trinity,53,0,0,,29416,,,,,
2015-08-25T06:45:00Z,Lake,"17,28",38.8142503,-122.4867319,,25118,,,,,
2015-08-25T06:45:00Z,Napa,"17,28",38.8142503,-122.4867319,,25118,,,,,
2015-08-04T10:37:00Z,Lassen,18,40.938,-120.105,,10570,,,,,
2015-11-09T12:00:00Z,Del Norte,8,0,0,,7509,,,,,
2015-02-12T07:35:00Z,Inyo,"14,26",0,0,,7000,,,,,
2015-02-12T07:35:00Z,Mono,"14,26",0,0,,7000,,,,,
2015-09-05T18:00:00Z,Tulare,54,36.24,-118.54,,6980,,,,,
2015-08-13T10:30:00Z,Madera,20,37.279722,-119.50014,,5702,,,,,
2015-08-19T19:15:00Z,Humboldt,12,0,0,,4883,,,,,
2015-07-31T20:00:00Z,Modoc,25,41.399,-121.392,,4863,,,,,
2015-07-21T07:00:00Z,San Bernardino,36,34.339,-117.478,,4250,,,,,
2015-08-23T17:45:00Z,Mono,26,0,0,,3676,,,,,
2015-08-22T18:30:00Z,Alameda,1,37.3845,-121.3732,,2700,,,,,
2015-08-28T18:15:00Z,San Luis Obispo,40,35.3477,-120.6269,,2446,,,,,
2015-08-12T19:15:00Z,Nevada,29,39.192088,-120.882313,,2304,,,,,
2015-08-18T19:00:00Z,San Diego,37,0,0,,1850,,,,,
2015-06-24T18:30:00Z,San Luis Obispo,40,0,0,,1791,,,,,
2015-06-29T09:00:00Z,Trinity,53,40.924,-123.168,,1542,,,,,
2015-08-01T19:00:00Z,Merced,24,0,0,,1450,,,,,
2015-07-21T07:15:00Z,Merced,24,0,0,,1333,,,,,
2015-09-27T18:15:00Z,Monterey,27,36.3699644,-121.589554,,1086,,,,,
2015-04-24T07:30:00Z,Riverside,33,33.884313,-117.642759,,1049,,,,,
2015-09-17T19:30:00Z,Butte,4,39.5218,-121.3363,,1042,,,,,
2015-06-25T18:45:00Z,Madera,20,37.165767,-119.523943,,920,,,,,
2015-10-04T18:40:00Z,Butte,4,0,0,,860,,,,,
2015-09-08T19:28:00Z,Lake,17,55.23,-122,,673,,,,,
2015-10-16T18:00:00Z,San Benito,35,36.70854,-121.32734,,670,,,,,
2015-08-15T17:30:00Z,Riverside,33,33.5736,-116.5387,,543,,,,,
2015-02-20T19:00:00Z,Mono,26,0,0,,509,,,,,
2015-06-19T08:15:00Z,Madera,20,0,0,,500,,,,,
2015-07-26T10:30:00Z,Tulare,54,36.085212,-118.824235,,430,,,,,
2015-09-11T11:00:00Z,Mariposa,22,0,0,,415,,,,,
2015-06-26T17:00:00Z,Los Angeles,19,34.361007,-118.535793,,415,,,,,
2015-08-03T17:00:00Z,Butte,4,39.43963,-121.38794,,400,,,,,
2015-08-20T08:10:00Z,Los Angeles,19,0,0,,374,,,,,
2015-07-02T06:36:00Z,Amador,3,0,0,,355,,,,,
2015-08-16T20:00:00Z,Los Angeles,19,0,0,,300,,,,,
2015-06-06T07:15:00Z,Alameda,1,0,0,,300,,,,,
2015-08-12T08:00:00Z,Ventura,56,0,0,,282,,,,,
2015-05-11T12:15:00Z,Merced,24,37.08312,-121.06963,,275,,,,,
2015-05-28T10:30:00Z,Alameda,1,0,0,,242,,,,,
2015-08-07T21:00:00Z,Mendocino,23,0,0,,227,,,,,
2015-09-10T18:50:00Z,Santa Clara,43,0,0,,215,,,,,
2015-08-27T15:15:00Z,Lake,17,38.925764,-122.879272,,215,,,,,
2015-07-15T18:45:00Z,Orange,30,33.7626,-117.7274,,214,,,,,
2015-08-01T19:00:00Z,Shasta,45,40.415108,-122.439939,,212,,,,,
2015-06-29T17:05:00Z,Santa Barbara,42,0,0,,211,,,,,
2015-08-04T18:00:00Z,Tuolumne,55,37.823,-120.15644,,204,,,,,
2015-08-04T08:15:00Z,Los Angeles,19,34.367,-117.683,,200,,,,,
2015-03-02T09:00:00Z,Siskiyou,47,41.485,-121.851,,200,,,,,
2015-07-30T16:00:00Z,Contra Costa,7,37.81629,-121.68113,,195,,,,,
2015-08-16T12:00:00Z,Ventura,56,0,0,,186,,,,,
2015-07-14T08:30:00Z,Siskiyou,47,41.8048,-122.5029,,181,,,,,
2015-06-19T17:45:00Z,San Diego,37,32.9421,-116.8534,,171,,,,,
2015-09-11T19:17:00Z,Fresno,10,40.400196,-120.553075,,170,,,,,
2015-07-04T20:15:00Z,Tehama,52,39.8448,-122.3638,,170,,,,,
2015-08-21T18:45:00Z,Kern,15,0,0,,167,,,,,
2015-07-26T06:45:00Z,San Diego,37,33.383889,-116.868611,,167,,,,,
2015-06-25T07:00:00Z,Ventura,56,0,0,,164,,,,,
2015-08-01T21:45:00Z,Humboldt,12,41.295667,-123.784067,,158,,,,,
2015-06-22T11:45:00Z,Yuba,58,39.2688,-121.26471,,158,,,,,
2015-07-08T20:45:00Z,Solano,48,38.4113,-122.0789,,150,,,,,
2015-07-04T13:00:00Z,Riverside,33,0,0,,150,,,,,
2015-08-29T07:00:00Z,Humboldt,12,40.1058823,-124.0720419,,146,,,,,
2015-04-18T23:50:00Z,Plumas,32,40.05083333,-120.7016667,,137,,,,,
2015-06-23T18:25:00Z,Madera,20,37.072561,-119.6958,,135,,,,,
2015-08-29T18:45:00Z,Trinity,53,40.724898,-122.96174,,128,,,,,
2015-06-18T21:15:00Z,San Joaquin,39,0,0,,122,,,,,
2015-07-26T10:10:00Z,Modoc,25,41.29226,-121.172117,,116,,,,,
2015-08-18T07:15:00Z,Calaveras,5,38.052,-120.5577,,114,,,,,
2015-08-16T19:20:00Z,Tuolumne,55,37.83618,-120.61691,,112,,,,,
2015-07-03T18:00:00Z,Lassen,18,0,0,,111,,,,,
2015-09-03T14:30:00Z,Sacramento,34,0,0,,110,,,,,
2015-08-09T20:30:00Z,Tehama,52,40.3506868,-121.7786799,,110,,,,,
2015-06-08T11:45:00Z,Placer,31,0,0,,110,,,,,
2015-09-13T10:15:00Z,Shasta,45,40.47512,-122.52541,,109,,,,,
2015-09-15T19:15:00Z,Tuolumne,55,38.04684,-120.30188,,108,,,,,
2015-10-02T17:50:00Z,Butte,4,39.8707,-121.8938,,104,,,,,
2015-06-29T09:00:00Z,San Bernardino,36,34.165974,-117.243878,,100,,,,,
2015-09-21T18:20:00Z,Monterey,27,36.5696373,-121.7556029,,95,,,,,
2015-07-15T07:00:00Z,San Luis Obispo,40,35.7183,-121.0157,,95,,,,,
2015-07-31T18:30:00Z,Shasta,45,40.49865,-122.20109,,90,,,,,
2015-08-05T17:45:00Z,Tulare,54,36.49845,-118.9009,,86,,,,,
2015-06-26T22:15:00Z,San Diego,37,32.6449163,-116.9454387,,80,,,,,
2015-06-05T16:32:00Z,Riverside,33,0,0,,80,,,,,
2015-07-25T22:00:00Z,Modoc,25,40.856422,-121.101623,,77,,,,,
2015-08-04T18:00:00Z,Shasta,45,40.67868,-121.93244,,75,,,,,
2015-07-31T18:40:00Z,Shasta,45,40.509552,-122.199227,,75,,,,,
2015-07-29T14:15:00Z,El Dorado,9,38.776,-120.404,,75,,,,,
2015-07-01T20:20:00Z,Butte,4,0,0,,75,,,,,
2015-09-03T19:35:00Z,Butte,4,26.42,-121,,72,,,,,
2015-08-22T18:00:00Z,Siskiyou,47,0,0,,69,,,,,
2015-06-15T18:45:00Z,Kern,15,35.77937,-120.19482,,67,,,,,
2015-08-05T09:00:00Z,San Bernardino,36,0,0,,65,,,,,
2015-07-22T10:00:00Z,Fresno,10,0,0,,60,,,,,
2015-06-20T19:35:00Z,Lassen,18,40.875667,-121.033667,,60,,,,,
2015-06-21T07:25:00Z,Riverside,33,0,0,,60,,,,,
2015-06-19T20:05:00Z,Mariposa,22,0,0,,60,,,,,
2015-06-17T06:45:00Z,Amador,3,38.260777,-121.135426,,60,,,,,
2015-08-04T08:15:00Z,Shasta,45,40.3929,-122.40546,,59,,,,,
2015-10-10T18:45:00Z,Siskiyou,47,0,0,,58,,,,,
2015-09-11T15:00:00Z,San Bernardino,36,34.23,-116.883,,55,,,,,
2015-08-10T15:05:00Z,San Diego,37,33.4115972,-117.2886249,,55,,,,,
2015-06-17T18:30:00Z,Tehama,52,40.0133,-122.552,,55,,,,,
2015-07-21T07:20:00Z,San Bernardino,36,34.0783472,-117.0487863,,54,,,,,
2015-06-25T18:45:00Z,Alameda,1,0,0,,53,,,,,
1969-12-31T16:00:00Z,Santa Barbara,42,34.9522,-120.2903,,52,,,,,
2015-11-07T16:45:00Z,Ventura,56,34.15,-118.879444,,50,,,,,
2015-08-03T08:55:00Z,Mendocino,23,39.43301,-123.36316,,50,,,,,
2015-09-15T19:10:00Z,Kern,15,0,0,,45,,,,,
2015-07-03T20:00:00Z,Alameda,1,0,0,,45,,,,,
2015-06-06T20:00:00Z,Fresno,10,0,0,,45,,,,,
2015-07-13T11:00:00Z,Modoc,25,0,0,,43,,,,,
2015-07-03T17:55:00Z,Santa Clara,43,0,0,,42,,,,,
2015-09-10T07:49:00Z,Lassen,18,40.400196,-120.553075,,40,,,,,
2015-07-28T15:00:00Z,Stanislaus,50,37.24523,-121.20324,,40,,,,,
2015-07-10T17:00:00Z,Solano,48,38.1029,-122.1578,,40,,,,,
2015-06-17T13:10:00Z,Napa,28,38.5287,-122.3415,,38,,,,,
2015-06-10T09:45:00Z,Napa,28,0,0,,36,,,,,
2015-09-10T17:05:00Z,Trinity,53,40,41.46,,35,,,,,
2015-07-05T11:30:00Z,El Dorado,9,0,0,,35,,,,,
2015-06-29T07:15:00Z,Mendocino,23,39.7806004,-123.248214,,35,,,,,
2015-09-21T14:36:00Z,Nevada,29,39.081,-121.194,,30,,,,,
2015-08-30T08:00:00Z,Lassen,18,41.12362,-121.194256,,30,,,,,
2015-08-05T07:30:00Z,Yuba,58,39.33303,-121.18735,,30,,,,,
2015-11-12T18:00:00Z,Ventura,56,0,0,,29,,,,,
2015-07-22T19:50:00Z,Placer,31,38.9361,-121.1548,,26,,,,,
2015-07-25T16:05:00Z,San Diego,37,32.682547,-116.51684,,25,,,,,
2015-07-20T15:30:00Z,San Benito,35,36.8727,-121.5681,,25,,,,,
2015-07-17T15:15:00Z,San Diego,37,33.21407,-116.73472,,25,,,,,
2015-07-05T11:30:00Z,El Dorado,9,0,0,,25,,,,,
2015-06-09T09:00:00Z,Mariposa,22,0,0,,25,,,,,
2015-06-06T06:45:00Z,Lake,17,0,0,,25,,,,,
2015-06-05T19:00:00Z,Riverside,33,0,0,,25,,,,,
2015-07-22T17:00:00Z,Siskiyou,47,41.999341,-121.891226,,24,,,,,
2015-07-05T09:00:00Z,Mendocino,23,39.0263,-123.303,,23,,,,,
2015-08-25T18:30:00Z,Lake,17,38.831478,-122.53428,,22,,,,,
2015-11-09T12:00:00Z,Santa Barbara,42,34.4828,-119.63216,,21,,,,,
2015-07-12T19:48:00Z,Riverside,33,33.986204,-117.43942,,21,,,,,
2015-06-11T18:15:00Z,Humboldt,12,41.1513,-123.8292,,20,,,,,
2015-06-28T18:00:00Z,Napa,28,38.519132,-122.181878,,19,,,,,
2015-07-08T16:30:00Z,Shasta,45,40.5953,-122.4397,,18,,,,,
2015-07-31T19:00:00Z,Humboldt,12,40.1093,-123.774,,16,,,,,
2015-08-01T15:25:00Z,Trinity,53,0,0,,0,,,,,
2015-06-22T12:05:00Z,Alpine,2,38.598056,-119.751944,,0,,,,,
2016-10-13T11:30:00Z,Monterey,27,36.45994,-121.89938,,132127,,,,,
2016-07-11T09:40:00Z,Kern,15,35.6115,-118.45628,,48019,,,,,
2016-09-06T07:30:00Z,San Luis Obispo,40,35.70595,-120.98316,,46344,,,,,
2016-08-23T07:45:00Z,San Bernardino,36,34.30372,-117.49342,,36274,,,,,
2016-08-28T18:15:00Z,Siskiyou,47,41.851,-123.118,,33867,,,,,
2016-09-15T15:20:00Z,Santa Barbara,42,0,0,,32606,,,,,
2016-10-01T06:00:00Z,Kern,15,35.7506,-118.5678,,29322,,,,,
2016-09-27T14:00:00Z,Santa Barbara,42,34.63445,-120.54421,,12518,,,,,
2016-08-16T08:00:00Z,San Bernardino,36,34.28771,-117.27338,,8110,,,,,
2016-06-30T18:30:00Z,San Diego,37,32.60729,-116.63028,,7609,,,,,
2016-07-12T14:30:00Z,Santa Barbara,42,34.776,-119.643,,7474,,,,,
2016-08-18T19:00:00Z,Fresno,10,36.09974,-120.51057,,7050,,,,,
2016-08-12T15:00:00Z,Yolo,57,38.52513,-122.06788,,5731,,,,,
2016-07-18T09:50:00Z,El Dorado,"9,31",38.96741,-120.9375,,5646,,,,,
2016-07-18T09:50:00Z,Placer,"9,31",38.96741,-120.9375,,5646,,,,,
2016-09-18T08:10:00Z,Inyo,14,37.75985,-118.95309,,5443,,,,,
2018-04-23T15:07:00Z,Los Angeles,19,0,0,,5399,,,,,
2016-11-14T14:00:00Z,Los Angeles,19,34.31,-118.335,,4824,,,,,
2017-09-19T10:30:00Z,Santa Clara,43,37.10632,-121.85318,,4474,,,,,
2016-12-19T13:30:00Z,Tulare,54,35.984,-118.551,,4347,,,,,
2016-08-26T18:00:00Z,Lake,17,38.89741,-122.60664,,3929,,,,,
2016-05-25T18:15:00Z,Monterey,27,36.38123,-121.20059,,3876,,,,,
2016-05-20T18:00:00Z,San Luis Obispo,40,0,0,,3712,,,,,
2016-07-05T07:05:00Z,Fresno,10,36.0749,-120.452041,,2944,,,,,
2016-11-08T10:15:00Z,Siskiyou,47,41.623,-123.557,,2860,,,,,
2016-08-07T19:14:00Z,Mono,26,0,0,,2819,,,,,
2016-10-13T11:30:00Z,Modoc,25,41.2649,-120.3178,,2652,,,,,
2016-09-22T07:00:00Z,Lassen,18,40.3915,-120.7845,,2575,,,,,
2016-06-20T08:30:00Z,Monterey,27,36.01542,-121.25029,,2520,,,,,
2016-06-30T16:55:00Z,Ventura,56,34.701,-119.144,,2304,,,,,
2016-08-09T18:30:00Z,Fresno,10,37.01591,-119.50507,,2241,,,,,
2016-10-20T07:00:00Z,Fresno,10,36.94536,-119.25959,,2100,,,,,
2016-07-08T19:00:00Z,Kern,15,35.20993,-118.72272,,1785,,,,,
2016-09-29T17:00:00Z,Sonoma,49,38.80017,-122.82895,,1547,,,,,
2016-09-02T18:10:00Z,Riverside,33,0,0,,1470,,,,,
2016-06-26T18:50:00Z,Merced,24,37.07147,-121.20155,,1246,,,,,
2016-07-30T14:15:00Z,San Diego,37,33.393,-117.35093,,1245,,,,,
2016-07-16T12:00:00Z,Los Angeles,19,34.36763,-118.57245,,1109,,,,,
2016-10-04T22:00:00Z,Tuolumne,55,37.79635,-120.32484,,1080,,,,,
2016-09-12T14:51:00Z,Butte,4,39.6871,-121.571,,850,,,,,
2016-08-30T06:45:00Z,Siskiyou,47,41.7813,-122.611,,710,,,,,
2016-07-09T08:30:00Z,Mono,26,37.97,-119.14,,650,,,,,
2016-09-04T06:55:00Z,Humboldt,12,41.28486,-123.82268,,599,,,,,
2016-07-10T19:37:00Z,Kern,15,34.913,118.9082,,554,,,,,
2016-08-03T08:00:00Z,Butte,4,39.6708,-121.7192,,550,,,,,
2016-08-29T10:30:00Z,Kern,15,35.2013,-118.7212,,518,,,,,
2016-07-04T07:45:00Z,Tehama,52,40.0353,-122.56939,,464,,,,,
2016-08-31T18:50:00Z,Calaveras,5,38.1874,-120.6381,,450,,,,,
2016-07-12T07:00:00Z,Shasta,45,40.36873,-122.72913,,441,,,,,
2016-08-18T21:30:00Z,Yuba,58,36.16965,-121.38775,,400,,,,,
2016-11-08T10:15:00Z,Tulare,54,36.1648,-118.73906,,395,,,,,
2016-09-14T18:00:00Z,Modoc,25,41.4657,-120.9066,,380,,,,,
2016-06-29T07:30:00Z,Amador,3,38.385,-121.003611,,372,,,,,
2016-09-13T14:30:00Z,Tehama,52,40.30594,-122.1295,,360,,,,,
2016-07-16T18:30:00Z,Calaveras,5,38.08056,-120.81394,,341,,,,,
2016-07-08T19:32:00Z,Calaveras,5,38.02845,-120.61153,,310,,,,,
2016-09-21T09:30:00Z,Kern,15,0,0,,306,,,,,
2016-08-28T18:50:00Z,Kern,15,35.4976,-118.5097,,304,,,,,
2016-09-20T18:00:00Z,Sutter,51,39.188321,-121.78003,,300,,,,,
2016-05-25T08:00:00Z,Fresno,10,36.88286,-119.654,,278,,,,,
2016-06-27T06:15:00Z,Yolo,57,38.69971,-122.15457,,277,,,,,
2016-10-06T17:15:00Z,Plumas,32,39.92,-121.32,,248,,,,,
2016-06-20T06:00:00Z,San Benito,35,0,0,,237,,,,,
2016-07-14T12:00:00Z,Kern,15,35.68313,-118.21793,,221,,,,,
2016-09-27T14:00:00Z,Santa Barbara,42,34.75134,-120.55297,,215,,,,,
2016-06-28T20:00:00Z,Lake,17,39.12366,-122.50373,,215,,,,,
2016-06-26T07:00:00Z,Alameda,1,37.74369,-121.58677,,211,,,,,
2016-06-21T18:30:00Z,Amador,3,38.26874,-120.90265,,210,,,,,
2016-07-13T17:30:00Z,Fresno,10,36.92244,-119.39619,,188,,,,,
2016-10-17T11:45:00Z,El Dorado,9,38.93449,-120.10744,,176,,,,,
2016-07-15T08:00:00Z,Riverside,33,0,0,,173,,,,,
2016-05-19T18:00:00Z,Placer,31,38.8390117,-121.3090268,,169,,,,,
2016-09-06T18:15:00Z,Fresno,10,36.84479,-119.34487,,158,,,,,
2016-05-25T18:45:00Z,Los Angeles,19,34.276,-118.354,,156,,,,,
2016-04-29T17:15:00Z,Fresno,10,0,0,,151,,,,,
2016-09-17T18:00:00Z,Del Norte,8,37.75972,-120.029626,,150,,,,,
2016-09-05T06:55:00Z,Orange,30,33.6542,-117.5221,,150,,,,,
2016-05-10T18:45:00Z,San Luis Obispo,40,35.61961,-120.39993,,150,,,,,
2016-08-20T18:45:00Z,San Joaquin,39,37.62215,-121.36665,,147,,,,,
2016-07-07T19:00:00Z,Fresno,10,36.14161,-120.62048,,145,,,,,
2016-08-04T20:00:00Z,Stanislaus,50,0,0,,140,,,,,
2016-06-07T18:15:00Z,Riverside,33,33.476894,-117.140883,,139,,,,,
2016-07-16T07:40:00Z,Kern,15,35.60748,-118.94811,,138,,,,,
2016-05-17T19:10:00Z,Fresno,10,36.78769,-119.38248,,132,,,,,
2016-09-23T10:30:00Z,Butte,4,39.4403,-121.42647,,130,,,,,
2016-07-16T18:00:00Z,Fresno,10,37.0099,-119.5792,,123,,,,,
2016-08-07T19:33:00Z,Mono,26,0,0,,122,,,,,
2016-06-09T17:10:00Z,Stanislaus,50,37.17072,-121.42238,,120,,,,,
2016-07-31T18:30:00Z,Santa Clara,43,37.41896,-121.79669,,114,,,,,
2016-06-20T19:50:00Z,Butte,4,39.595,-121.6008,,112,,,,,
2016-07-06T20:00:00Z,Madera,20,37.25601,-119.65776,,103,,,,,
2016-09-25T13:15:00Z,Shasta,45,40,-121.93923,,100,,,,,
2016-08-18T19:50:00Z,Santa Clara,43,0,0,,100,,,,,
2016-08-07T20:15:00Z,Kern,15,35.24504,-118.60344,,100,,,,,
2016-08-04T07:45:00Z,Stanislaus,50,0,0,,100,,,,,
2016-07-23T08:45:00Z,Monterey,27,35.85093,-120.81081,,100,,,,,
2016-07-20T13:45:00Z,San Diego,37,32.9612,-116.7945,,100,,,,,
2016-07-10T19:30:00Z,San Benito,35,5487,-120.841536,,95,,,,,
2016-05-27T17:00:00Z,Butte,4,39.33035,-121.78973,,91,,,,,
2016-08-30T18:40:00Z,Butte,4,39.79547,-121.71662,,88,,,,,
2016-07-01T17:45:00Z,Tehama,52,40.07846,-122.2071,,88,,,,,
2016-06-21T15:45:00Z,Placer,31,38.86804,-121.37704,,88,,,,,
2016-07-11T06:35:00Z,Sacramento,34,38.517772,-121.103642,,87,,,,,
2016-06-29T17:00:00Z,San Luis Obispo,40,35.70821,-120.82266,,86,,,,,
2016-08-06T19:50:00Z,Madera,20,37.3228,-119.7738,,85,,,,,
2016-06-01T19:45:00Z,Tuolumne,55,37.927613,-120.528836,,85,,,,,
2016-07-15T15:40:00Z,Yolo,57,38.8866,-122.04726,,84,,,,,
2016-06-16T10:00:00Z,Calaveras,5,0,0,,83,,,,,
2016-06-12T15:45:00Z,San Benito,35,36.49914,-121.04993,,83,,,,,
2016-08-04T07:50:00Z,Tehama,52,40.19611,-122.26736,,80,,,,,
2016-07-25T19:20:00Z,Madera,20,0,0,,80,,,,,
2016-06-11T16:15:00Z,Tehama,52,39.7947,-121.857,,80,,,,,
2016-07-15T14:00:00Z,Ventura,56,36.92244,-119.39619,,78,,,,,
2016-09-12T19:00:00Z,Shasta,45,40.68192,-122.4096,,75,,,,,
2016-09-24T20:00:00Z,Fresno,10,36.6543,-119.5327,,70,,,,,
2016-06-20T18:15:00Z,Monterey,27,36.2833,-121.3306,,70,,,,,
2016-06-07T06:45:00Z,San Diego,37,33.41639,-117.08829,,70,,,,,
2016-07-22T18:15:00Z,Lake,17,39.0863,-122.7891,,69,,,,,
2016-10-12T18:00:00Z,Napa,28,38.40958,-122.43172,,65,,,,,
2016-06-12T12:30:00Z,Kern,15,35.77135,-120.251,,61,,,,,
2016-07-22T16:07:00Z,Solano,48,38.33475,-122.02564,,57,,,,,
2016-07-22T19:00:00Z,Calaveras,5,37.98171,-120.64241,,57,,,,,
2016-05-21T19:00:00Z,Siskiyou,47,0,0,,56,,,,,
2016-06-24T18:20:00Z,Monterey,27,36.1934,-120.9293,,52,,,,,
2016-09-15T09:10:00Z,Mendocino,23,39.7299,-123.5044,,50,,,,,
2016-09-09T06:00:00Z,San Bernardino,36,34.3183,-117.3189,,50,,,,,
2016-07-23T18:00:00Z,El Dorado,9,38.79549,-121.00299,,50,,,,,
2016-04-30T07:00:00Z,Ventura,56,0,0,,50,,,,,
2016-06-21T16:30:00Z,Butte,4,39.43351,-121.6051,,49,,,,,
2016-09-20T18:00:00Z,Nevada,29,39.20427,-121.05948,,47,,,,,
2016-06-29T18:30:00Z,Orange,30,33.57872,-117.77395,,47,,,,,
2016-09-25T17:45:00Z,Amador,3,38.5212,-120.8416,,45,,,,,
2016-08-10T17:00:00Z,Lake,17,36.09974,-120.51057,,45,,,,,
2016-07-01T19:50:00Z,Ventura,56,34.27619,-118.63264,,45,,,,,
2016-06-21T13:00:00Z,Tehama,52,39.93965,-122.40142,,43,,,,,
2016-06-04T17:00:00Z,Kern,15,0,0,,43,,,,,
2016-08-01T19:40:00Z,Lassen,18,0,0,,42,,,,,
2016-09-12T19:00:00Z,Sacramento,34,38.558,-121.1309,,40,,,,,
2016-08-29T15:00:00Z,Riverside,33,0,0,,40,,,,,
2016-07-24T19:00:00Z,Contra Costa,7,38.01264,-122.1885,,40,,,,,
1969-12-31T16:00:00Z,Nevada,29,39.39051,-120.51887,,38,,,,,
2016-07-31T18:55:00Z,Madera,20,37.24006,-119.4741,,38,,,,,
2016-08-31T07:15:00Z,Mendocino,23,39.8748511,-123.4267011,,36,,,,,
2016-08-10T17:00:00Z,Lake,17,38.68403,-122.26015,,36,,,,,
2016-08-11T18:30:00Z,San Diego,37,33.22558,-117.14547,,35,,,,,
2016-08-10T17:00:00Z,Shasta,45,40.61213,-122.47091,,35,,,,,
2016-07-29T15:10:00Z,Butte,4,0,0,,35,,,,,
2016-07-13T19:00:00Z,Calaveras,5,37.96311,-120.67335,,35,,,,,
2016-06-30T07:00:00Z,Calaveras,5,38.22017,-120.8678,,33,,,,,
2016-09-13T18:30:00Z,Siskiyou,47,41.6314,-122.7933,,32,,,,,
2016-08-01T08:05:00Z,Tuolumne,55,37.81434,-120.69521,,32,,,,,
2016-06-03T19:55:00Z,Sacramento,34,38.3131,-121.06452,,32,,,,,
2016-09-19T18:30:00Z,Butte,4,39.8851,-121.6998,,30,,,,,
2016-07-02T20:00:00Z,Inyo,14,36.58972,-118.15589,,30,,,,,
2016-06-03T17:30:00Z,San Benito,35,36.80296,-121.40304,,30,,,,,
2016-05-29T19:53:00Z,Butte,4,39.624017,-121.595093,,30,,,,,
2016-04-24T15:30:00Z,Merced,24,37.2171,-121.08036,,30,,,,,
2016-11-14T18:00:00Z,San Diego,37,33.254355,-117.158475,,28,,,,,
2016-07-24T14:30:00Z,San Diego,37,33.00056,-116.9571,,28,,,,,
2016-08-06T10:06:00Z,Amador,3,38.2581,-120.8657,,26,,,,,
2016-07-20T09:00:00Z,Siskiyou,47,41.96191,-122.59328,,26,,,,,
2016-09-02T06:55:00Z,Santa Clara,43,37.11831,-121.69784,,25,,,,,
2016-08-14T19:50:00Z,Santa Clara,43,37.06531,-121.68577,,25,,,,,
2016-08-07T19:18:00Z,El Dorado,9,0,0,,25,,,,,
2016-07-31T18:50:00Z,Lake,17,0,0,,25,,,,,
2016-06-04T15:30:00Z,El Dorado,9,38.64107,-120.6955,,25,,,,,
2016-05-12T20:45:00Z,Monterey,27,35.8378273,-121.0381507,,25,,,,,
2016-06-12T15:00:00Z,Shasta,45,40.61388,-122.46777,,24,,,,,
2016-08-16T08:45:00Z,Humboldt,12,40.4572,-124.05804,,23,,,,,
2016-07-22T12:00:00Z,Siskiyou,47,41.71847,-122.36924,,23,,,,,
2016-08-19T08:30:00Z,Humboldt,12,40.9878,-123.77832,,21,,,,,
2016-09-04T18:55:00Z,San Bernardino,36,34.25858,-117.4415,,20,,,,,
2016-08-31T07:05:00Z,Lake,17,39.1408865,-122.9148951,,20,,,,,
2016-05-13T22:30:00Z,Ventura,56,0,0,,20,,,,,
2016-08-31T07:05:00Z,Amador,3,0,0,,19,,,,,
2016-07-12T10:30:00Z,Ventura,56,33.11645,-116.58542,,15,,,,,
2016-07-26T19:25:00Z,Tehama,52,0,0,,11,,,,,
2016-05-25T20:00:00Z,Shasta,45,0,0,,11,,,,,
2016-12-19T13:30:00Z,Tulare,54,36.217,-118.551,,10,,,,,
2016-08-30T12:05:00Z,Alpine,2,38.57554,-120.00606,,0,,,,,
2016-08-09T17:15:00Z,Los Angeles,19,0,0,,0,,,,,
2016-06-19T08:30:00Z,San Luis Obispo,40,35.01382,-119.58206,,0,,,,,
2016-06-13T12:30:00Z,Los Angeles,19,0,0,,0,,,,,
2016-06-19T18:00:00Z,Tulare,54,35.84883,-118.08591,,0,,,,,
2016-04-19T15:30:00Z,Los Angeles,19,34.6888731,-118.7892593,,0,,,,,
2019-03-14T11:24:00Z,Santa Barbara,"42,56",34.41521,-119.09124,,281893,,,,,
2019-03-14T11:24:00Z,Ventura,"42,56",34.41521,-119.09124,,281893,,,,,
2018-01-09T11:52:00Z,Lassen,18,40.07045,-120.14013,,83733,,,,,
2018-01-09T12:05:00Z,Modoc,25,0,0,,83120,,,,,
2018-01-09T11:57:00Z,Mariposa,22,37.61757,-120.21321,,81826,,,,,
2018-01-09T12:43:00Z,Siskiyou,47,41.841,-123.474,,78698,,,,,
2018-02-09T09:30:00Z,Napa,"28,49",38.4041,-122.5209,,56556,,,,,
2018-02-09T09:30:00Z,Sonoma,"28,49",38.4041,-122.5209,,56556,,,,,
2018-02-09T09:37:00Z,Napa,"28,48",38.39206,-122.24367,,51624,,,,,
2018-02-09T09:37:00Z,Solano,"28,48",38.39206,-122.24367,,51624,,,,,
2018-01-09T11:51:00Z,Kings,16,35.93273,-120.20014,,48889,,,,,
2018-01-09T12:42:00Z,Siskiyou,47,42.039,-123.218,,39715,,,,,
2018-02-09T09:27:00Z,Napa,"28,49",38.60895,-122.62879,,36807,,,,,
2018-02-09T09:27:00Z,Sonoma,"28,49",38.60895,-122.62879,,36807,,,,,
2018-01-09T12:47:00Z,Tulare,54,36.15356,-118.74103,,36556,,,,,
2018-02-09T08:56:00Z,Mendocino,23,39.24873,-123.16635,,36523,,,,,
2018-01-09T11:46:00Z,San Luis Obispo,40,35.0179,-120.3223,,28687,,,,,
2018-01-09T12:07:00Z,Siskiyou,47,41.59,-123.501,,27276,,,,,
2018-01-09T12:49:00Z,Trinity,53,40.76025,-123.10003,,21846,,,,,
2018-01-09T13:27:00Z,Tulare,54,36.27138,-118.48555,,18900,,,,,
2018-01-09T12:48:00Z,Lassen,18,40.69573,-119.93499,,18618,,,,,
2018-01-09T11:49:00Z,Santa Barbara,42,34.55096,-119.9494,,18430,,,,,
2018-02-09T09:32:00Z,Sonoma,49,38.76549,-122.90939,,17357,,,,,
2018-01-09T11:01:00Z,Tulare,54,0,0,,16031,,,,,
2018-08-06T10:52:00Z,Los Angeles,19,34.31283,-118.35863,,15619,,,,,
2018-01-09T13:21:00Z,Trinity,53,40.2275,-123.03583,,13417,,,,,
2018-01-09T12:46:00Z,Madera,20,37.44663,-119.64622,,12407,,,,,
2018-01-09T10:04:00Z,Fresno,10,36.12089,-120.37116,,10343,,,,,
2018-02-09T09:39:00Z,Yuba,58,39.32198,-121.4021,,9989,,,,,
2018-04-05T10:47:00Z,Orange,30,33.87041,-117.70975,,9217,,,,,
2018-01-09T12:47:00Z,Mono,26,38.655,-119.55425,,8925,,,,,
2018-02-09T09:48:00Z,Butte,4,39.62496,-121.52966,,8417,,,,,
2018-01-09T12:16:00Z,Mariposa,22,37.644,-119.618,,8094,,,,,
2018-01-09T12:18:00Z,Modoc,25,41.466,-120.321,,7697,,,,,
2018-01-09T12:49:00Z,Los Angeles,19,34.22957,-118.2674,,7194,,,,,
2018-01-09T12:39:00Z,Mariposa,22,37.538,-119.598,,7000,,,,,
2018-01-09T11:08:00Z,Riverside,33,33.530045,-116.594422,,6309,,,,,
2018-02-09T09:50:00Z,Butte,4,39.39455,-121.40613,,6151,,,,,
2018-01-18T09:58:00Z,Los Angeles,19,34.45283,-118.58188,,6049,,,,,
2018-01-09T12:47:00Z,Lassen,18,40.43962,-120.22215,,6042,,,,,
2018-01-09T11:47:00Z,Butte,4,39.45352,-121.41222,,6033,,,,,
2018-01-09T09:51:00Z,Fresno,10,36.07228,-120.26561,,5738,,,,,
2018-01-09T12:15:00Z,Stanislaus,50,38.329,-119.782,,5247,,,,,
2018-01-09T12:27:00Z,Trinity,53,40.17598,-123.36882,,4736,,,,,
2018-01-09T12:08:00Z,Plumas,32,39.9034,-120.9761,,4310,,,,,
2018-01-09T13:47:00Z,San Diego,37,33.3237,-117.163,,4100,,,,,
2018-08-30T15:27:00Z,Butte,4,39.57701,-121.30209,,4016,,,,,
2018-01-09T12:50:00Z,Riverside,33,33.97471,-117.09984,,3874,,,,,
2018-01-09T12:26:00Z,Siskiyou,47,41.853,-123.676,,3142,,,,,
2018-01-09T11:46:00Z,Kern,15,35.77896,-118.89627,,2940,,,,,
2018-03-28T11:36:00Z,Orange,30,33.8668,-117.68598,,2662,,,,,
2018-01-09T13:18:00Z,Plumas,32,39.75312,-120.75485,,2575,,,,,
2018-01-09T12:44:00Z,Kings,16,36.05187,-120.05404,,2312,,,,,
2018-01-09T12:17:00Z,Tulare,54,36.257,-118.296,,2295,,,,,
2018-01-09T12:15:00Z,Tulare,54,36.0226,-118.94252,,2289,,,,,
2018-01-09T11:45:00Z,Yolo,57,38.49521,-122.0251,,2269,,,,,
2018-02-09T09:29:00Z,Lake,17,39.01387,-122.64543,,2207,,,,,
2018-01-09T10:06:00Z,San Diego,37,32.65597,-116.80527,,2056,,,,,
2018-01-09T13:33:00Z,Sonoma,49,0,0,,1868,,,,,
2018-01-09T11:50:00Z,Monterey,"27,40",35.86949,-120.57894,,1816,,,,,
2018-01-09T11:50:00Z,San Luis Obispo,"27,40",35.86949,-120.57894,,1816,,,,,
2018-01-09T09:56:00Z,Merced,24,36.96655,-120.89261,,1800,,,,,
2018-01-09T12:50:00Z,Stanislaus,50,38.12,-119.941,,1749,,,,,
2018-01-09T13:34:00Z,Sonoma,49,38.14242,-122.47301,,1660,,,,,
2018-01-09T11:58:00Z,Fresno,10,35.95911,-120.55579,,1649,,,,,
2018-01-09T11:45:00Z,Kern,15,35.59904,-119.08312,,1626,,,,,
2018-01-09T11:08:00Z,San Luis Obispo,40,35.4025,-120.4992,,1598,,,,,
2018-01-09T11:41:00Z,Fresno,10,36.269125,-120.620791,,1538,,,,,
2018-01-09T10:41:00Z,Kern,15,35.53456,-118.66733,,1522,,,,,
2018-01-09T11:00:00Z,San Bernardino,36,34.2976,-116.826,,1503,,,,,
2018-01-09T10:30:00Z,Madera,20,37.0825,-119.8011,,1431,,,,,
2018-01-09T12:14:00Z,Kern,15,35.543,-118.654,,1350,,,,,
2018-01-09T09:53:00Z,Riverside,33,34.00566,-117.30693,,1350,,,,,
2018-01-09T12:50:00Z,Kern,15,35.76,-118.406,,1319,,,,,
2018-01-09T12:06:00Z,Sacramento,34,38.5181,-121.104,,1286,,,,,
2018-01-09T11:16:00Z,Kern,15,35.38298,-118.80123,,1200,,,,,
2018-01-09T13:41:00Z,San Diego,37,33.402411,-117.402445,,1088,,,,,
2018-01-09T11:59:00Z,Kern,15,34.94373,-119.44751,,1083,,,,,
2018-01-09T12:38:00Z,Riverside,33,33.98212,-117.30819,,1044,,,,,
2018-01-09T13:18:00Z,Madera,20,37.21616,-119.48067,,1035,,,,,
2018-01-09T12:20:00Z,Plumas,32,39.75371,-120.1397,,1020,,,,,
2018-01-09T10:17:00Z,San Diego,37,33.34988,-117.39818,,1000,,,,,
2018-01-09T13:21:00Z,Shasta,45,40.98352,-121.81623,,995,,,,,
2018-01-09T09:52:00Z,Fresno,10,36.530836,-120.206592,,976,,,,,
2018-01-09T11:56:00Z,Mendocino,23,39.30125,-123.28825,,900,,,,,
2018-01-09T12:43:00Z,Yuba,58,39.1234,-121.32957,,867,,,,,
2018-01-09T13:45:00Z,Riverside,33,33.60247,-117.34192,,866,,,,,
2018-01-09T12:21:00Z,Lassen,18,39.888,-120.066,,859,,,,,
2018-02-09T09:51:00Z,Nevada,29,39.24549,-121.12792,,821,,,,,
2018-01-09T10:34:00Z,Los Angeles,19,34.55607,-118.60703,,800,,,,,
2018-01-09T12:36:00Z,San Luis Obispo,40,35.7908,-120.77485,,775,,,,,
2018-01-09T11:08:00Z,Los Angeles,19,34.37443,-118.49343,,760,,,,,
2018-01-09T11:51:00Z,Sierra,46,39.439722,-120.027222,,747,,,,,
2018-01-09T12:09:00Z,Tuolumne,55,37.905545,-120.408135,,690,,,,,
2018-01-09T12:51:00Z,Mariposa,22,37.37397,-119.83556,,680,,,,,
2018-01-09T11:09:00Z,San Bernardino,36,34.14575,-117.17813,,670,,,,,
2018-01-09T11:10:00Z,Mariposa,22,37.3762,-119.9646,,630,,,,,
2018-01-09T11:10:00Z,Modoc,25,41.85763,-121.29581,,562,,,,,
2018-01-09T12:42:00Z,Riverside,33,33.95036,-116.88066,,545,,,,,
2018-01-09T12:20:00Z,Lassen,18,41.11989,-120.74968,,530,,,,,
2018-01-09T10:07:00Z,Kern,15,35.4605,-118.85896,,506,,,,,
2018-01-09T10:06:00Z,San Diego,37,33.3906,-117.32348,,486,,,,,
2018-01-09T11:44:00Z,Siskiyou,47,41.3975,-122.8428,,469,,,,,
2018-01-09T12:17:00Z,San Luis Obispo,40,35.40357,-120.28037,,460,,,,,
2018-04-12T14:52:00Z,San Bernardino,36,34.09773,-117.10567,,460,,,,,
2018-01-09T10:30:00Z,Fresno,10,36.616986,-120.369347,,450,,,,,
2018-01-09T13:28:00Z,Santa Barbara,42,34.67403,-120.4393,,444,,,,,
2018-01-09T13:21:00Z,Madera,20,37.14624,-120.015509,,429,,,,,
2018-01-09T13:36:00Z,El Dorado,9,38.848,-120.287,,426,,,,,
2018-01-23T08:11:00Z,Los Angeles,19,34.09454,-118.48178,,422,,,,,
2018-01-09T12:02:00Z,Tulare,54,36.22265,-119.06598,,416,,,,,
2018-01-09T11:54:00Z,Modoc,25,41.72163,-121.30451,,410,,,,,
2018-01-09T11:52:00Z,San Diego,37,32.84796,-116.85396,,400,,,,,
2018-01-09T09:55:00Z,Fresno,10,36.45491,-120.2445,,400,,,,,
2018-01-09T12:48:00Z,Nevada,29,39.34292,-121.12004,,392,,,,,
2018-01-09T13:41:00Z,Santa Cruz,44,37.18356,-122.07012,,391,,,,,
2018-01-09T09:40:00Z,Modoc,25,41.16716,-120.58342,,380,,,,,
2018-01-09T13:46:00Z,Mono,26,38.46111,-119.48284,,370,,,,,
2018-01-09T11:48:00Z,Contra Costa,7,38.02929,-122.25544,,370,,,,,
2018-01-09T11:01:00Z,Fresno,10,36.27306,-120.65185,,357,,,,,
2018-01-09T11:51:00Z,San Luis Obispo,40,35.42433,-120.47322,,340,,,,,
2018-01-09T10:28:00Z,Tulare,54,36.45809,-118.87676,,339,,,,,
2018-01-09T12:31:00Z,Kern,15,34.92907,-118.9267,,338,,,,,
2018-01-09T12:18:00Z,San Bernardino,36,34.08492,-117.03826,,325,,,,,
2018-01-09T12:01:00Z,Del Norte,8,41.478,-123.506,,319,,,,,
2018-01-09T13:47:00Z,Riverside,33,33.59257,-117.14979,,300,,,,,
2018-01-09T09:58:00Z,Kern,15,35.41283,-118.84466,,288,,,,,
2018-01-09T13:47:00Z,San Bernardino,36,34.16564,-117.33334,,260,,,,,
2018-04-12T14:52:00Z,San Diego,37,33.34659,-116.66107,,255,,,,,
2018-01-09T13:23:00Z,San Luis Obispo,40,35.12269,-120.39387,,245,,,,,
2018-01-09T13:23:00Z,Fresno,10,36.24653,-120.31598,,237,,,,,
2018-01-09T12:14:00Z,El Dorado,9,38.538332,-121.039267,,236,,,,,
2018-01-09T11:48:00Z,Contra Costa,7,37.87808,-121.78677,,231,,,,,
2018-01-09T11:17:00Z,Mariposa,22,37.4591,-119.921,,225,,,,,
2018-01-09T10:03:00Z,San Luis Obispo,40,35.34541,-120.76464,,225,,,,,
2018-01-09T09:57:00Z,San Luis Obispo,40,35.21177,-119.87525,,225,,,,,
2018-01-09T10:29:00Z,Kern,15,35.59804,-118.47939,,206,,,,,
2018-01-09T11:44:00Z,Riverside,33,33.85323,-117.48195,,205,,,,,
2018-01-09T13:20:00Z,Lake,17,39.44543,-122.85194,,200,,,,,
2018-01-09T12:44:00Z,Alameda,1,37.72543,-121.90516,,200,,,,,
2018-01-09T12:43:00Z,San Diego,37,32.65003,-116.42907,,200,,,,,
2018-01-09T12:15:00Z,Riverside,33,33.689092,-117.396404,,200,,,,,
2018-01-09T13:46:00Z,Tehama,52,40.02261,-121.91425,,194,,,,,
2018-01-09T10:07:00Z,Santa Barbara,42,34.9465,-119.8036,,190,,,,,
2018-01-09T12:43:00Z,Plumas,32,39.9864,-120.89746,,186,,,,,
2018-01-09T10:30:00Z,Fresno,10,36.704679,-120.405077,,186,,,,,
2018-04-03T10:46:00Z,Kern,15,35.3091,-118.701,,184,,,,,
2018-01-09T13:36:00Z,Kern,15,35.19008,-118.76152,,183,,,,,
2018-01-09T12:01:00Z,Shasta,45,40.47106,-122.43608,,180,,,,,
2018-01-09T12:04:00Z,San Bernardino,36,34.41204,-117.03031,,170,,,,,
2018-01-09T12:43:00Z,Riverside,33,33.87679,-117.00258,,168,,,,,
2018-01-09T11:00:00Z,Sierra,46,39.71101,-120.02325,,168,,,,,
2018-01-09T11:52:00Z,Butte,4,39.37192,-121.53865,,166,,,,,
2018-01-09T12:44:00Z,Lassen,18,40.80968,-120.48641,,157,,,,,
2018-01-09T10:28:00Z,Madera,20,37.12759,-120.0193,,157,,,,,
2018-04-05T10:48:00Z,Alameda,1,37.63358,-121.49925,,155,,,,,
2018-01-09T12:12:00Z,Siskiyou,47,41.9808,-121.9741,,155,,,,,
2018-01-09T10:46:00Z,Riverside,33,33.98639,-117.21314,,153,,,,,
2018-01-09T13:34:00Z,Butte,4,39.74679,-121.67261,,150,,,,,
2018-01-09T12:05:00Z,San Luis Obispo,40,35.7751,-120.23656,,150,,,,,
2018-01-09T10:33:00Z,San Luis Obispo,40,35.6871,-120.3187,,150,,,,,
2018-01-09T10:01:00Z,Madera,20,36.90967,-119.79315,,150,,,,,
2018-01-09T09:53:00Z,San Bernardino,36,34.30104,-117.45646,,150,,,,,
2018-01-09T13:36:00Z,Trinity,53,40.46836,-123.51619,,148,,,,,
2018-01-09T13:22:00Z,Mendocino,23,39.02482,-123.1362,,146,,,,,
2018-01-09T13:27:00Z,Butte,4,40.07613,-121.56858,,143,,,,,
2018-01-09T12:06:00Z,El Dorado,9,38.559707,-120.70013,,140,,,,,
2018-01-09T13:21:00Z,El Dorado,9,38.5758,-120.915,,136,,,,,
2018-01-09T12:07:00Z,Los Angeles,19,34.792882,-118.851943,,135,,,,,
2018-01-09T10:32:00Z,Tulare,54,35.8556,-118.74542,,135,,,,,
2018-01-09T10:34:00Z,Butte,4,39.69717,-121.75417,,134,,,,,
2018-01-09T13:33:00Z,Calaveras,5,38.40234,-120.52953,,130,,,,,
2018-01-09T12:50:00Z,San Diego,37,32.6001,-116.76997,,130,,,,,
2018-01-09T09:54:00Z,San Luis Obispo,40,35.78286,-120.22647,,130,,,,,
2018-01-09T11:16:00Z,Shasta,45,40.69554,-122.0122,,128,,,,,
2018-01-09T09:52:00Z,Fresno,10,36.5355,-120.6585,,126,,,,,
2018-01-09T12:40:00Z,Mariposa,22,37.62823,-120.30046,,125,,,,,
2018-01-09T12:14:00Z,Tuolumne,55,37.90014,-120.36005,,124,,,,,
2018-01-09T12:19:00Z,Riverside,33,34.009026,-117.239099,,122,,,,,
2018-01-09T12:50:00Z,San Luis Obispo,40,35.31886,-120.50886,,120,,,,,
2018-01-09T10:16:00Z,Riverside,33,33.88287,-116.99651,,120,,,,,
2018-01-09T11:58:00Z,Calaveras,5,38.29113,-120.62177,,117,,,,,
2018-01-09T13:41:00Z,Alameda,1,37.7393,-121.85663,,116,,,,,
2018-01-09T12:35:00Z,Napa,28,38.49336,-122.2483,,114,,,,,
2018-01-09T12:45:00Z,Fresno,10,36.93332,-119.43376,,111,,,,,
2018-01-09T11:01:00Z,Butte,4,39.38416,-121.5786,,111,,,,,
2018-01-09T13:26:00Z,San Luis Obispo,40,35.3024,-120.65279,,105,,,,,
2018-01-09T10:33:00Z,Riverside,33,33.950382,-116.884446,,105,,,,,
2018-04-12T14:52:00Z,Butte,4,39.76243,-121.74121,,103,,,,,
2018-01-09T12:48:00Z,Fresno,10,36.36113,-120.32685,,102,,,,,
2018-01-09T11:53:00Z,Santa Clara,43,37.39801,-121.8179,,101,,,,,
2018-01-09T13:41:00Z,San Diego,37,32.64962,-116.37345,,100,,,,,
2018-04-05T12:01:00Z,Sonoma,49,38.46123,-122.58152,,100,,,,,
2018-01-09T13:38:00Z,Lake,17,39.0199,-122.57487,,100,,,,,
2018-01-09T13:29:00Z,Solano,48,38.43658,-121.97233,,100,,,,,
2018-01-09T12:50:00Z,Santa Clara,43,36.99092,-121.59899,,100,,,,,
2018-01-09T12:51:00Z,Fresno,10,36.09486,-120.52189,,100,,,,,
2018-01-09T12:39:00Z,Santa Clara,43,37.14653,-121.68165,,100,,,,,
2018-01-09T12:16:00Z,San Bernardino,36,34.19076,-117.26969,,100,,,,,
2018-01-09T13:46:00Z,San Bernardino,36,34.035344,-116.940661,,99,,,,,
2018-01-09T12:23:00Z,Riverside,33,33.57139,-116.8247,,92,,,,,
2018-01-09T11:45:00Z,Fresno,10,36.95104,-119.65621,,91,,,,,
2018-01-09T10:27:00Z,Butte,4,39.52499,-121.64897,,91,,,,,
2018-01-09T11:46:00Z,Madera,20,37.09773,-120.02027,,90,,,,,
2018-01-09T13:29:00Z,Lake,17,39.15016,-122.576,,87,,,,,
2018-01-09T13:45:00Z,Ventura,56,34.34949,-119.30918,,86,,,,,
2018-01-09T12:49:00Z,Riverside,33,117.337331,34.015742,,85,,,,,
2018-01-09T12:17:00Z,Humboldt,12,40.11794,-123.76099,,85,,,,,
2018-01-09T12:03:00Z,San Bernardino,36,34.20152,-117.14466,,85,,,,,
2018-01-09T11:11:00Z,Santa Clara,43,37.3344,-121.71752,,85,,,,,
2018-01-09T12:27:00Z,Monterey,27,35.86596,-120.64584,,82,,,,,
2018-01-09T13:38:00Z,San Diego,37,33.38613,-117.46709,,81,,,,,
2018-01-09T13:49:00Z,El Dorado,9,38.869036,-119.61865,,80,,,,,
2018-01-09T13:18:00Z,Plumas,32,40.13278,-120.9204,,79,,,,,
2018-01-09T10:23:00Z,Tulare,54,35.89423,-119.00334,,79,,,,,
2018-01-09T12:04:00Z,Santa Clara,43,36.96607,-121.55552,,78,,,,,
2018-01-09T10:25:00Z,Tehama,52,40.38944,-122.13088,,78,,,,,
2018-02-09T09:52:00Z,Nevada,29,39.19325,-121.08406,,76,,,,,
2018-01-09T10:31:00Z,Fresno,10,36.8005,-119.35901,,76,,,,,
2018-01-09T13:26:00Z,San Luis Obispo,40,35.5956,-120.56068,,74,,,,,
2018-01-09T11:50:00Z,El Dorado,9,38.7803,-120.97111,,74,,,,,
2018-01-09T11:47:00Z,San Bernardino,36,34.07612,-117.06765,,74,,,,,
2018-01-09T13:37:00Z,San Luis Obispo,40,35.78616,-120.96514,,73,,,,,
2018-01-09T12:01:00Z,Riverside,33,33.75526,-117.25075,,72,,,,,
2018-01-09T12:17:00Z,San Luis Obispo,40,35.4403,-120.2913,,70,,,,,
2018-01-09T11:58:00Z,Colusa,6,39.01224,-122.20127,,70,,,,,
2018-01-09T11:52:00Z,Santa Clara,43,37.25014,-121.68562,,70,,,,,
2018-01-09T10:05:00Z,Fresno,10,36.60736,-120.5828,,70,,,,,
2018-01-09T12:46:00Z,Fresno,10,36.7279,-119.28241,,69,,,,,
2018-01-09T10:22:00Z,Sacramento,34,38.33707,-121.11113,,68,,,,,
2018-01-09T10:26:00Z,Lassen,18,40.03392,-120.1064,,67,,,,,
2018-01-09T10:59:00Z,Stanislaus,50,37.82934,-120.68992,,65,,,,,
2018-01-09T12:07:00Z,Riverside,33,33.81976,-117.18552,,63,,,,,
2018-01-09T10:33:00Z,Mariposa,22,37.36914,-120.0088,,63,,,,,
2018-01-09T12:44:00Z,San Diego,37,33.20988,-116.46989,,62,,,,,
2018-01-09T12:28:00Z,Lake,17,38.94599,-122.81135,,62,,,,,
2018-01-09T11:48:00Z,Stanislaus,50,37.64898,-120.4925,,62,,,,,
2018-01-09T10:35:00Z,Tehama,52,40.32063,-122.83208,,60,,,,,
2018-01-09T11:59:00Z,Tulare,54,36.18815,-118.78928,,59,,,,,
2018-01-09T11:53:00Z,Calaveras,5,38.18303,-120.85322,,59,,,,,
2018-01-09T13:36:00Z,Fresno,10,36.7528,-119.2288,,58,,,,,
2018-01-09T13:20:00Z,Lake,17,39.42604,-123.03344,,58,,,,,
2018-01-09T12:01:00Z,Tulare,54,36.64404,-118.99944,,58,,,,,
2018-01-09T11:48:00Z,San Luis Obispo,40,35.346,-120.62825,,58,,,,,
2018-01-09T12:07:00Z,Tehama,52,40.1583,-122.3209,,57,,,,,
2018-01-09T11:43:00Z,Fresno,10,36.81476,-119.51592,,57,,,,,
2018-01-09T10:59:00Z,Siskiyou,47,41.93006,-122.36545,,56,,,,,
2018-01-09T13:23:00Z,Solano,48,38.4446,-122.0041,,55,,,,,
2018-01-09T12:47:00Z,Siskiyou,47,41.99483,-121.90077,,55,,,,,
2018-01-09T11:11:00Z,Los Angeles,19,34.03941,-118.58624,,55,,,,,
2018-01-09T12:46:00Z,Siskiyou,47,41.222,-122.292,,54,,,,,
2018-01-09T12:46:00Z,Siskiyou,47,41.222,-122.27499,,54,,,,,
2018-01-09T11:00:00Z,Santa Clara,43,37.33454,-121.76323,,54,,,,,
2018-01-09T12:07:00Z,Santa Clara,43,37.44485,-121.84108,,51,,,,,
2018-01-09T13:45:00Z,Kern,15,35.21556,-118.56578,,50,,,,,
2018-01-09T13:42:00Z,Riverside,33,33.8826,-117.00589,,50,,,,,
2018-01-09T13:40:00Z,Los Angeles,19,34.22551,-118.05545,,50,,,,,
2018-01-09T13:20:00Z,San Mateo,41,37.41591,-122.3001,,50,,,,,
2018-01-09T12:19:00Z,Kern,15,35.70639,-118.47307,,50,,,,,
2018-01-09T11:59:00Z,Santa Barbara,42,34.72379,-120.13249,,50,,,,,
2018-01-09T11:50:00Z,Yuba,58,39.06308,-121.303,,50,,,,,
2018-01-09T11:43:00Z,Ventura,56,34.20599,-118.98603,,50,,,,,
2018-01-09T11:41:00Z,Riverside,33,33.87739,-117.16215,,50,,,,,
2018-01-09T10:32:00Z,San Diego,37,33.23281,-117.29509,,50,,,,,
2018-01-09T13:23:00Z,Madera,20,36.94652,-120.90462,,48,,,,,
2018-01-09T10:21:00Z,Riverside,33,33.58577,-116.07429,,48,,,,,
2018-01-09T13:46:00Z,San Benito,35,36.38109,-121.00391,,47,,,,,
2018-01-09T12:03:00Z,San Luis Obispo,40,35.06472,-120.5634,,47,,,,,
2018-01-09T12:45:00Z,Riverside,33,33.6444,-117.3968,,46,,,,,
2018-01-09T11:54:00Z,San Bernardino,36,34.149,-117.189,,46,,,,,
2018-01-09T10:27:00Z,Siskiyou,47,41.8721,-122.4571,,46,,,,,
2018-01-09T13:49:00Z,Riverside,33,33.9885,-117.38417,,45,,,,,
2018-01-09T13:34:00Z,San Luis Obispo,40,35.28738,-120.44448,,45,,,,,
2018-01-09T09:41:00Z,Shasta,45,40.48712,-121.85645,,45,,,,,
2018-01-09T12:45:00Z,Alameda,1,37.56181,-121.56425,,44,,,,,
2018-01-09T13:46:00Z,Tehama,52,39.81517,-122.28165,,43,,,,,
2018-01-09T13:19:00Z,Monterey,27,36.17297,-120.87609,,43,,,,,
2018-01-09T11:11:00Z,Monterey,27,35.96275,-121.08753,,42,,,,,
2018-01-09T11:07:00Z,Tehama,52,40.10282,-122.27379,,42,,,,,
2018-01-09T10:24:00Z,Modoc,25,41.38247,-120.53443,,42,,,,,
2018-01-09T12:38:00Z,Siskiyou,47,41.99279,-122.9401,,41,,,,,
2018-01-09T11:11:00Z,Los Angeles,19,34.10446,-118.70294,,41,,,,,
2018-01-09T09:57:00Z,Kern,15,35.05076,-118.90004,,41,,,,,
2018-01-09T13:47:00Z,Riverside,33,33.96514,-117.4764,,40,,,,,
2018-01-09T13:46:00Z,Riverside,33,33.90327,-116.50151,,40,,,,,
2018-01-09T13:45:00Z,San Bernardino,36,34.13534,-117.4982,,40,,,,,
2018-01-09T13:31:00Z,Shasta,45,40.70627,-122.24199,,40,,,,,
2018-01-09T13:29:00Z,Kern,15,35.59302,-118.46734,,40,,,,,
2018-01-09T13:20:00Z,Del Norte,8,41.98128,-124.01168,,40,,,,,
2018-01-09T12:46:00Z,Humboldt,12,41.02705,-123.63721,,40,,,,,
2018-01-09T12:45:00Z,Tehama,52,40.29831,-122.70449,,40,,,,,
2018-01-09T11:59:00Z,Lake,17,38.86056,-122.62382,,40,,,,,
2018-01-09T11:56:00Z,Monterey,27,36.66684,-121.74826,,40,,,,,
2018-03-26T10:49:00Z,Tuolumne,55,37.896778,-120.504134,,39,,,,,
2018-01-09T12:05:00Z,Yuba,58,39.06522,-121.3519,,39,,,,,
2018-01-09T11:01:00Z,Solano,48,38.07481,-122.23004,,39,,,,,
2018-01-09T11:09:00Z,Marin,21,37.9775,-122.65749,,38,,,,,
2018-01-09T10:31:00Z,Tuolumne,55,37.85137,-120.45268,,38,,,,,
2018-01-09T13:46:00Z,Shasta,45,40.774,-122.309,,37,,,,,
2018-01-09T11:48:00Z,Mariposa,22,37.65963,-120.34802,,36,,,,,
2018-01-09T11:07:00Z,San Diego,37,33.1683,-116.77342,,36,,,,,
2018-01-09T13:28:00Z,Riverside,33,33.74925,-117.10301,,35,,,,,
2018-01-09T11:54:00Z,Marin,21,38.08055,-122.77846,,35,,,,,
2018-01-09T11:43:00Z,Riverside,33,33.99316,-117.48405,,35,,,,,
2018-01-09T11:09:00Z,Sacramento,34,38.45822,-120.92162,,35,,,,,
2018-01-09T10:29:00Z,Kern,15,35.37351,-118.84134,,35,,,,,
2018-01-09T10:07:00Z,Riverside,33,33.96419,-117.20507,,35,,,,,
2018-01-09T13:47:00Z,San Bernardino,36,34.21829,-117.40625,,34,,,,,
2018-01-09T13:19:00Z,Riverside,33,33.73547,-117.33364,,34,,,,,
2018-01-09T12:49:00Z,Humboldt,12,40.03697,-123.64214,,34,,,,,
2018-01-09T11:42:00Z,San Benito,35,36.85596,-121.30983,,34,,,,,
2018-01-09T11:46:00Z,Riverside,33,33.763304,-117.314994,,33,,,,,
2018-01-09T10:32:00Z,Riverside,33,33.584036,-116.972036,,33,,,,,
2018-01-09T10:24:00Z,Kern,15,35.60633,-118.4642,,33,,,,,
2018-01-09T12:16:00Z,Trinity,53,40.804,-123.375,,32,,,,,
2018-01-09T12:17:00Z,Trinity,53,40.79902,-123.39253,,32,,,,,
2018-01-09T11:54:00Z,Riverside,33,33.62613,-117.07975,,32,,,,,
2018-01-09T10:34:00Z,Monterey,27,35.90092,-120.93371,,32,,,,,
2018-01-09T10:30:00Z,Monterey,27,35.902149,-120.983684,,32,,,,,
2018-01-09T13:40:00Z,Monterey,27,36.5858,-121.80377,,31,,,,,
2018-01-09T12:44:00Z,Fresno,10,36.099681,-120.443545,,31,,,,,
2018-01-09T09:55:00Z,Kern,15,35.60001,-118.4683,,31,,,,,
2018-03-22T16:34:00Z,Los Angeles,19,34.52055,-118.62882,,30,,,,,
2018-01-09T12:18:00Z,Humboldt,12,40.27582,-123.64281,,30,,,,,
2018-01-09T11:42:00Z,Riverside,33,33.96896,-117.25411,,30,,,,,
2018-01-09T13:35:00Z,El Dorado,9,38.77921,-120.46234,,29,,,,,
2018-01-09T11:51:00Z,Tehama,52,40.29118,-122.42606,,29,,,,,
2018-01-09T13:24:00Z,Butte,4,39.8255,-121.7127,,28,,,,,
2018-01-09T12:48:00Z,Modoc,25,41.4844,-120.36659,,28,,,,,
2018-01-09T11:08:00Z,Del Norte,8,41.93323,-124.19629,,28,,,,,
2018-01-09T10:33:00Z,Riverside,33,33.79925,-117.11659,,28,,,,,
2018-01-09T12:48:00Z,Modoc,25,41.64469,-120.31814,,27,,,,,
2018-01-09T10:24:00Z,Riverside,33,33.82165,-116.96079,,27,,,,,
2018-01-09T13:25:00Z,Yuba,58,39.03168,-121.40947,,26,,,,,
2018-01-09T10:59:00Z,Riverside,33,33.71025,-117.31924,,26,,,,,
2018-01-09T10:23:00Z,Riverside,33,33.94788,-116.59719,,26,,,,,
2018-01-09T13:40:00Z,San Diego,37,33.18716,-116.50897,,25,,,,,
2018-01-09T13:23:00Z,San Luis Obispo,40,35.76343,-121.04445,,25,,,,,
2018-01-09T13:19:00Z,San Diego,37,32.59252,-116.61609,,25,,,,,
2018-01-09T12:49:00Z,Shasta,45,40.71923,-122.02525,,25,,,,,
2018-01-09T11:09:00Z,San Diego,37,32.7789,-116.8516,,25,,,,,
2018-01-09T10:35:00Z,Madera,20,37.02081,-119.95136,,25,,,,,
2018-01-09T10:24:00Z,Los Angeles,19,34.29931,-118.37539,,25,,,,,
2018-01-09T10:10:00Z,San Diego,37,32.679,-116.29296,,25,,,,,
2018-01-09T13:32:00Z,Riverside,33,33.50488,-117.02132,,23,,,,,
2018-01-09T13:25:00Z,Alameda,1,37.77982,-122.169,,22,,,,,
2018-01-09T11:44:00Z,Calaveras,5,38.20176,-120.67848,,22,,,,,
2018-01-09T10:31:00Z,Napa,28,38.68347,-122.2654,,22,,,,,
2018-01-09T13:42:00Z,San Luis Obispo,40,35.41112,-120.00353,,21,,,,,
2018-01-09T13:19:00Z,Lake,17,39.01748,-122.49327,,21,,,,,
2018-01-09T11:44:00Z,Tulare,54,36.10858,-118.81979,,21,,,,,
2018-01-09T11:00:00Z,Butte,4,39.364,-121.4143,,21,,,,,
2018-01-09T10:32:00Z,Shasta,45,0,0,,21,,,,,
2018-01-09T10:07:00Z,San Benito,35,36.35578,-120.99552,,21,,,,,
2018-01-09T13:30:00Z,Humboldt,12,40.88516,-123.96844,,20,,,,,
2018-01-09T13:30:00Z,Sonoma,49,38.51937,-123.24713,,20,,,,,
2018-01-09T13:29:00Z,Tehama,52,40.20077,-122.24731,,20,,,,,
2018-01-09T12:16:00Z,Tuolumne,55,37.65986,-120.31157,,20,,,,,
2018-01-09T12:03:00Z,San Bernardino,36,34.139,-117.199,,20,,,,,
2018-01-09T11:58:00Z,Mendocino,23,39.13207,-123.10227,,20,,,,,
2018-01-09T10:32:00Z,Riverside,33,33.52584,-116.85226,,20,,,,,
2018-01-09T10:26:00Z,Contra Costa,7,37.86549,-122.2102,,20,,,,,
2018-01-09T10:04:00Z,Kings,16,35.983,-119.91508,,20,,,,,
2018-01-09T09:56:00Z,Monterey,27,35.77082,-120.92482,,20,,,,,
2018-01-09T13:49:00Z,Riverside,33,33.88994,-116.91023,,19,,,,,
2018-01-09T13:33:00Z,Nevada,29,39.06414,-121.13737,,19,,,,,
2018-01-09T12:38:00Z,Riverside,33,33.797216,-117.124538,,19,,,,,
2018-01-09T12:16:00Z,Humboldt,12,40.39799,-123.57562,,19,,,,,
2018-01-09T12:01:00Z,Stanislaus,50,37.81827,-120.65764,,19,,,,,
2018-01-09T11:08:00Z,Siskiyou,47,40.703775,-122.645079,,19,,,,,
2018-01-09T09:54:00Z,Kern,15,35.71704,-118.30601,,19,,,,,
2018-01-09T12:45:00Z,Sonoma,49,38.26294,-122.71998,,18,,,,,
2018-01-09T11:43:00Z,Butte,4,39.53944,-121.54722,,18,,,,,
2018-01-09T10:21:00Z,Fresno,10,36.61332,-120.7109,,18,,,,,
2018-01-09T09:58:00Z,Monterey,27,36.1727,-120.86682,,18,,,,,
2018-01-09T13:29:00Z,Mariposa,22,37.41231,-119.87465,,17,,,,,
2018-01-09T12:42:00Z,Shasta,45,40.92602,-121.5935,,17,,,,,
2018-01-09T12:12:00Z,Shasta,45,40.69259,-122.17384,,17,,,,,
2018-01-09T10:06:00Z,San Luis Obispo,40,35.556667,-120.474,,17,,,,,
2018-01-09T09:59:00Z,Monterey,27,36.2771,-120.94328,,17,,,,,
2018-01-09T09:56:00Z,Riverside,33,33.88466,-116.99229,,17,,,,,
2018-01-09T10:23:00Z,Kern,15,35.188,-119.2877,,16,,,,,
2018-01-09T10:22:00Z,San Bernardino,36,34.04412,-116.55326,,16,,,,,
2018-01-09T10:17:00Z,Fresno,10,36.96642,-119.58292,,16,,,,,
2018-01-09T12:31:00Z,Tehama,52,39.87983,-122.5415,,15,,,,,
2018-01-09T12:06:00Z,Nevada,29,39.16826,-120.95498,,15,,,,,
2018-01-09T11:58:00Z,Modoc,25,41.45589,-120.56933,,15,,,,,
2018-01-09T11:10:00Z,Monterey,27,35.947,-120.87492,,15,,,,,
2018-01-09T10:21:00Z,Calaveras,5,38.19906,-120.83484,,15,,,,,
2018-01-09T09:50:00Z,Riverside,33,33.56777,-116.08003,,15,,,,,
2018-01-09T13:49:00Z,Santa Barbara,42,34.71796,-120.27077,,14,,,,,
2018-01-09T13:49:00Z,Santa Barbara,42,34.605358,-120.414875,,14,,,,,
2018-01-09T11:17:00Z,Butte,4,39.8629,-121.6268,,14,,,,,
2018-01-09T10:29:00Z,Monterey,27,35.80375,-120.52508,,14,,,,,
2018-01-09T10:05:00Z,Riverside,33,33.97155,-117.44148,,14,,,,,
2018-01-09T13:41:00Z,Stanislaus,50,37.89532,-120.84748,,13,,,,,
2018-01-09T12:06:00Z,El Dorado,9,38.69775,-120.73757,,13,,,,,
2018-01-09T11:53:00Z,El Dorado,9,38.67474,-121.06088,,13,,,,,
2018-01-09T11:42:00Z,San Bernardino,36,34.304722,-117.3125,,13,,,,,
2018-01-09T13:21:00Z,Butte,4,39.44257,-121.60683,,12,,,,,
2018-01-09T10:25:00Z,San Diego,37,0,0,,12,,,,,
2018-01-09T09:55:00Z,San Luis Obispo,40,35.6879,-120.3317,,12,,,,,
2018-01-09T09:54:00Z,Riverside,33,33.7866,-117.5048,,12,,,,,
2018-01-09T10:05:00Z,Merced,24,37.21812,-121.07761,,12,,,,,
2018-01-09T12:15:00Z,Sonoma,49,38.70289,-122.90217,,11,,,,,
2018-01-09T11:16:00Z,Riverside,33,33.913089,-117.096233,,11,,,,,
2018-01-09T13:31:00Z,Tehama,52,40.24789,-122.255,,10,,,,,
2018-01-09T13:23:00Z,Mariposa,22,37.76888,-120.15846,,10,,,,,
2018-01-09T13:19:00Z,Fresno,10,37.10067,-119.32109,,10,,,,,
2018-01-09T12:46:00Z,Amador,3,38.34421,-120.72274,,10,,,,,
2018-01-09T12:18:00Z,Los Angeles,19,34.23925,-117.85182,,10,,,,,
2018-01-09T12:03:00Z,Nevada,29,39.36902,-120.97586,,10,,,,,
2018-01-09T11:56:00Z,Shasta,45,40.48972,-122.38619,,10,,,,,
2018-01-09T11:54:00Z,Riverside,33,33.77896,-117.24091,,10,,,,,
2018-01-09T11:53:00Z,Butte,4,39.50475,-121.33785,,10,,,,,
2018-01-09T11:41:00Z,Riverside,33,33.91806,-116.99321,,10,,,,,
2018-01-09T11:16:00Z,Nevada,29,39.08382,-121.06656,,10,,,,,
2018-01-09T10:35:00Z,Riverside,33,33.90965,-116.9669,,10,,,,,
2018-01-09T10:34:00Z,Riverside,33,117.138741,33.939428,,10,,,,,
2018-01-09T10:27:00Z,Kern,15,35.564124,-118.796513,,10,,,,,
2018-01-09T10:26:00Z,Riverside,33,33.87107,-116.88097,,10,,,,,
2018-01-09T10:22:00Z,Yuba,58,39.23205,-121.376,,10,,,,,
2018-01-09T10:17:00Z,Kern,15,34.87128,-118.35296,,10,,,,,
2018-01-09T10:08:00Z,Riverside,33,33.94673,-117.17773,,10,,,,,
2018-01-09T09:51:00Z,Monterey,27,36.44141,-121.34695,,10,,,,,
2018-01-09T13:34:00Z,Sonoma,49,38.36685,-122.64001,,0,,,,,
2018-01-09T13:33:00Z,Napa,28,38.31802,-122.39052,,0,,,,,
2018-01-09T13:19:00Z,Mariposa,22,37.73596,-119.78256,,0,,,,,
2018-01-09T12:05:00Z,Siskiyou,47,41.702,-123.508,,0,,,,,
2018-01-09T12:04:00Z,Modoc,25,41.338,-120.304,,0,,,,,
2018-01-09T12:02:00Z,Glenn,11,39.75425,-122.17657,,0,,,,,
2018-01-09T11:45:00Z,Lassen,18,40.6361,-120.9643,,0,,,,,
2018-01-09T11:43:00Z,Siskiyou,47,41.86609,-122.73031,,0,,,,,
2018-01-09T11:10:00Z,San Diego,37,33.43513,-117.58252,,0,,,,,
2018-01-09T11:07:00Z,Siskiyou,47,41.841,-123.474,,0,,,,,
2018-01-09T11:01:00Z,Tulare,54,36.51912,-119.50606,,0,,,,,
2018-01-09T10:05:00Z,San Luis Obispo,40,35.85253,-120.80411,,0,,,,,
2018-01-09T09:24:00Z,Butte,4,39.51158,-121.55633,,0,,,,,
2019-01-04T09:33:00Z,Colusa,"6,11,17,23",39.243283,-123.103367,,410203,,,,,
2019-01-04T09:33:00Z,Glenn,"6,11,17,23",39.243283,-123.103367,,410203,,,,,
2019-01-04T09:33:00Z,Lake,"6,11,17,23",39.243283,-123.103367,,410203,,,,,
2019-01-04T09:33:00Z,Mendocino,"6,11,17,23",39.243283,-123.103367,,410203,,,,,
2019-01-04T09:37:00Z,Shasta,"45,53",40.65428,-122.62357,,229651,,,,,
2019-01-04T09:37:00Z,Trinity,"45,53",40.65428,-122.62357,,229651,,,,,
2018-11-25T08:00:00Z,Butte,4,39.8134,-121.4347,,153336,,,,,
2019-01-04T08:42:00Z,Los Angeles,"19,56",34.235,-118.70128,,96949,,,,,
2019-01-04T08:42:00Z,Ventura,"19,56",34.235,-118.70128,,96949,,,,,
2019-01-04T09:48:00Z,Mariposa,22,37.6549,-119.88581,,96901,,,,,
2019-01-04T09:57:00Z,Napa,"28,57",38.80583,-122.18183,,90288,,,,,
2019-01-04T09:57:00Z,Yolo,"28,57",38.80583,-122.18183,,90288,,,,,
2019-01-04T09:07:00Z,Shasta,"45,53",40.9425,-122.43,,63311,,,,,
2019-01-04T09:07:00Z,Trinity,"45,53",40.9425,-122.43,,63311,,,,,
2019-01-04T09:18:00Z,Colusa,"6,17,23",39.04786,-123.11971,,48920,,,,,
2019-01-04T09:18:00Z,Lake,"6,17,23",39.04786,-123.11971,,48920,,,,,
2019-01-04T09:18:00Z,Mendocino,"6,17,23",39.04786,-123.11971,,48920,,,,,
2019-01-04T09:21:00Z,Shasta,45,40.896,-122.219,,46150,,,,,
2019-01-04T09:20:00Z,Modoc,25,41.38544,-121.04386,,39387,,,,,
2019-01-04T09:55:00Z,Siskiyou,47,41.893332,-122.534655,,38008,,,,,
2019-01-04T09:26:00Z,Tuolumne,55,38.349,-119.929,,36450,,,,,
2019-01-04T09:23:00Z,Orange,30,33.69888,-117.52055,,23136,,,,,
2019-01-04T09:32:00Z,Lassen,18,40.633536,-120.868091,,18703,,,,,
2019-01-04T10:01:00Z,Lake,17,39.0674,-122.59848,,15185,,,,,
2019-01-04T09:36:00Z,Riverside,33,0,0,,13139,,,,,
2019-01-04T09:58:00Z,San Joaquin,39,38.052055,-120.945482,,12300,,,,,
2019-01-04T09:09:00Z,Mono,26,38.347395,-119.45186,,6974,,,,,
2019-01-04T10:06:00Z,Merced,24,37.39339,-120.34207,,4564,,,,,
2019-01-04T08:43:00Z,Ventura,56,34.22685,-118.93444,,4531,,,,,
2019-01-04T08:57:00Z,Solano,48,0,0,,4500,,,,,
2019-01-04T10:03:00Z,Madera,20,37.571,-119.118,,4064,,,,,
2019-01-04T08:57:00Z,Tehama,52,40.22027778,-122.18,,3889,,,,,
2019-01-04T10:02:00Z,Tehama,52,40.35068,-121.77867,,3716,,,,,
2019-01-04T09:17:00Z,Humboldt,12,41.07944,-123.688056,,3674,,,,,
2019-01-04T09:03:00Z,Los Angeles,19,34.48229,-118.60858,,3380,,,,,
2019-01-04T09:23:00Z,Kings,16,35.97896,-119.98329,,2995,,,,,
2019-01-04T10:10:00Z,Tehama,52,39.94355,-122.3571,,2956,,,,,
2019-01-04T09:26:00Z,Kern,15,35.37444,-118.83556,,2950,,,,,
2019-01-04T09:54:00Z,Inyo,14,36.6734,-118.21881,,2883,,,,,
2019-01-04T09:06:00Z,Napa,28,38.69601,-122.44468,,2490,,,,,
2019-01-04T10:09:00Z,Glenn,11,39.64978,-122.58218,,2290,,,,,
2019-01-04T09:23:00Z,Monterey,27,35.847778,-120.343056,,2225,,,,,
2019-01-04T09:20:00Z,Solano,48,38.431278,-122.043747,,2162,,,,,
2019-01-04T09:46:00Z,Modoc,25,41.29363,-120.11461,,2100,,,,,
2019-01-03T09:43:00Z,Inyo,14,37.40208,-118.50235,,2070,,,,,
2019-01-04T09:21:00Z,Shasta,45,40.99344,-121.52225,,1900,,,,,
2019-01-04T10:26:00Z,Merced,24,36.85156,-120.77206,,1756,,,,,
2019-01-04T09:08:00Z,Trinity,53,40.616251,-123.52019,,1751,,,,,
2019-01-04T10:01:00Z,Shasta,45,40.50318,-122.42308,,1678,,,,,
2019-01-04T08:47:00Z,Solano,48,38.21396,-121.9424,,1500,,,,,
2019-01-04T10:03:00Z,San Luis Obispo,40,35.73629,-120.75593,,1500,,,,,
2019-01-04T10:15:00Z,Los Angeles,19,34.5486,-118.31138,,1352,,,,,
2019-01-04T09:55:00Z,San Bernardino,36,34.095568,-116.958806,,1350,,,,,
2019-01-04T10:15:00Z,San Benito,35,36.40755,-120.99322,,1314,,,,,
2019-01-03T13:09:00Z,Inyo,14,36.71537,-118.08449,,1265,,,,,
2019-01-04T10:24:00Z,Riverside,33,33.62924,-117.05992,,1261,,,,,
2019-01-04T09:28:00Z,Sutter,51,39.186144,-121.792885,,1200,,,,,
2019-01-04T09:10:00Z,Placer,31,39.268611,-120.658333,,1120,,,,,
2019-01-04T09:16:00Z,Santa Barbara,42,35.11416667,-120.0922222,,1014,,,,,
2019-01-04T09:32:00Z,Kern,15,35.387408,-118.817934,,993,,,,,
2019-01-04T09:29:00Z,Mendocino,23,39.82877,-123.08489,,972,,,,,
2019-01-04T09:48:00Z,Butte,4,39.77124,-121.76859,,962,,,,,
2019-01-04T09:52:00Z,Tehama,52,40.33682,-121.93908,,856,,,,,
2019-01-04T09:54:00Z,Amador,3,38.42623,-120.95408,,825,,,,,
2019-01-04T09:40:00Z,Yolo,57,38.59694444,-121.9938889,,822,,,,,
2019-01-04T09:28:00Z,Placer,31,38.82426,-121.451307,,700,,,,,
2019-01-04T09:19:00Z,Tulare,54,35.79012,-118.7393,,668,,,,,
2019-01-04T09:20:00Z,Monterey,27,36.00912,-120.82226,,650,,,,,
2019-01-04T10:06:00Z,Lassen,18,40.3768,-120.36403,,646,,,,,
2019-01-04T09:53:00Z,Alameda,1,37.75646,-121.60646,,640,,,,,
2019-01-04T09:06:00Z,Tuolumne,55,37.83388,-120.61746,,573,,,,,
2019-01-04T08:50:00Z,Butte,4,39.36529,-121.51707,,550,,,,,
2019-01-04T10:14:00Z,San Benito,35,36.378333,-120.901167,,513,,,,,
2019-01-04T09:55:00Z,San Diego,37,32.833674,-116.7311,,504,,,,,
2019-01-04T10:20:00Z,Alameda,1,37.75375,-121.57918,,484,,,,,
2019-01-04T09:59:00Z,Lassen,18,40.316137,-120.45053,,441,,,,,
2019-01-04T09:04:00Z,Monterey,27,36.35502,-121.1563,,400,,,,,
2019-06-21T08:51:41Z,Monterey,27,35.95515,-120.86256,,375,,,,,
2019-01-04T09:16:00Z,Kern,15,35.51777778,-118.6525,,367,,,,,
2019-01-04T09:32:00Z,San Diego,37,33.07892,-116.91845,,365,,,,,
2019-01-04T09:03:00Z,Madera,20,37.38789,-119.68912,,360,,,,,
2019-01-04T09:59:00Z,Butte,4,39.59872,-121.78208,,347,,,,,
2019-01-04T09:29:00Z,Inyo,14,37.735461,-118.970443,,338,,,,,
2019-01-04T10:02:00Z,Shasta,45,40.52909,-122.17457,,328,,,,,
2019-01-04T09:37:00Z,Santa Clara,43,37.449425,-121.88807,,320,,,,,
2019-01-04T09:56:00Z,El Dorado,9,38.539806,-121.059979,,316,,,,,
2019-01-04T09:59:00Z,Trinity,53,40.60402,-122.9144,,300,,,,,
2019-01-04T10:14:00Z,Madera,20,37.10181,-119.623981,,300,,,,,
2019-01-04T10:26:00Z,San Diego,37,33.389425,-117.502405,,300,,,,,
2019-01-04T10:25:00Z,Kern,15,0,0,,293,,,,,
2019-01-04T09:23:00Z,Calaveras,5,38.061298,-120.872244,,290,,,,,
2019-01-04T09:15:00Z,Madera,20,37.197039,-120.002619,,289,,,,,
2019-01-04T09:39:00Z,Riverside,33,33.836101,-117.607577,,282,,,,,
2019-01-04T09:49:00Z,San Benito,35,36.65351,-121.0454,,278,,,,,
2019-01-04T09:58:00Z,Contra Costa,7,37.94714,-121.9921,,268,,,,,
2019-01-04T10:02:00Z,Tehama,52,40.18395,-122.27574,,268,,,,,
2019-01-04T10:11:00Z,San Diego,37,32.63046,-116.46674,,265,,,,,
2019-01-04T08:59:00Z,Tehama,52,40.34256,-121.43025,,261,,,,,
2019-01-04T10:00:00Z,San Luis Obispo,40,35.33916,-120.71488,,260,,,,,
2019-01-03T09:44:00Z,Santa Barbara,42,34.0232,-119.76576,,258,,,,,
2019-01-04T09:21:00Z,San Diego,37,33.076239,-116.902985,,250,,,,,
2019-01-04T09:34:00Z,Contra Costa,7,37.89612,-121.85847,,247,,,,,
2019-01-04T09:44:00Z,Siskiyou,47,41.70877,-122.47293,,224,,,,,
2019-01-04T09:56:00Z,Siskiyou,47,41.085,-123.051,,215,,,,,
2019-01-04T10:07:00Z,San Benito,35,36.37532,-120.862579,,215,,,,,
2019-01-04T09:31:00Z,San Diego,37,33.41476,-117.24044,,207,,,,,
2019-01-04T09:33:00Z,Riverside,33,33.571763,-116.500058,,205,,,,,
2019-01-04T09:06:00Z,Kern,15,34.91482,-118.92485,,200,,,,,
2019-01-04T10:10:00Z,Merced,24,37.33924,-120.24315,,200,,,,,
2019-01-04T09:56:00Z,Butte,4,39.491737,-121.637759,,191,,,,,
2019-01-04T08:46:00Z,Ventura,56,34.26734825,-118.6438159,,186,,,,,
2019-01-04T10:04:00Z,Merced,24,37.05876,-121.176354,,185,,,,,
2019-01-04T10:08:00Z,Los Angeles,19,37.97638,-122.5275,,175,,,,,
2019-01-04T10:19:00Z,Orange,30,33.55132,-117.72044,,175,,,,,
2019-01-04T09:12:00Z,Santa Barbara,42,34.576944,-119.61416,,172,,,,,
2019-01-04T10:02:00Z,Tehama,52,40.12791,-122.19792,,170,,,,,
2019-01-04T08:54:00Z,Monterey,27,36.18401,-120.69955,,167,,,,,
2019-01-04T09:35:00Z,Lassen,18,40.34822,-120.82497,,167,,,,,
2019-01-04T09:05:00Z,Los Angeles,19,34.2325,-117.846111,,166,,,,,
2019-01-04T10:01:00Z,Tuolumne,55,37.80785,-120.30187,,163,,,,,
2019-01-04T08:55:00Z,Solano,48,38.45673,-121.94658,,160,,,,,
2019-01-04T09:16:00Z,Shasta,45,40.36888889,-122.8905556,,155,,,,,
2019-01-04T10:08:00Z,Orange,30,33.787838,-117.746625,,155,,,,,
2019-01-04T10:07:00Z,Riverside,33,33.925862,-117.654299,,154,,,,,
2019-01-04T09:05:00Z,Marin,21,38.02447,-122.727,,152,,,,,
2019-01-04T08:44:00Z,Ventura,56,34.30166667,-119.0991667,,150,,,,,
2019-01-04T08:57:00Z,Monterey,27,35.97677,-121.24898,,150,,,,,
2019-01-04T09:09:00Z,El Dorado,9,38.94388,-120.92611,,150,,,,,
2019-01-04T08:45:00Z,San Bernardino,36,34.18075,-117.43184,,147,,,,,
2019-01-04T09:24:00Z,Calaveras,5,38.08424,-120.46078,,136,,,,,
2019-01-04T09:30:00Z,Napa,28,38.51943,-122.18353,,135,,,,,
2019-01-04T09:37:00Z,Los Angeles,19,34.38039,-118.60441,,128,,,,,
2019-01-04T10:19:00Z,Glenn,11,39.46543,-122.65582,,127,,,,,
2019-01-04T10:25:00Z,Siskiyou,47,41.65935,-122.48556,,127,,,,,
2019-01-04T09:12:00Z,San Bernardino,36,34.15475,-117.244366,,125,,,,,
2019-01-04T08:51:00Z,Tulare,54,36.47766,-119.10433,,120,,,,,
2019-01-04T09:22:00Z,Plumas,32,39.996944,-121.27,,117,,,,,
2019-01-04T09:49:00Z,San Benito,35,36.59036,-120.82355,,116,,,,,
2019-01-04T09:54:00Z,Santa Clara,43,37.06367,-121.53586,,116,,,,,
2019-01-04T10:04:00Z,Mariposa,22,37.707234,-120.199162,,115,,,,,
2019-01-04T09:17:00Z,Kern,15,35.56888889,-118.8013889,,114,,,,,
2019-01-04T09:54:00Z,Santa Barbara,42,34.463889,-119.831389,,113,,,,,
2019-01-04T09:38:00Z,Santa Barbara,42,34.62412,-120.22298,,110,,,,,
2019-01-04T10:22:00Z,Fresno,10,36.75581,-119.42172,,108,,,,,
2019-01-04T09:26:00Z,Mendocino,23,38.8802,-123.0496,,106,,,,,
2019-01-04T09:14:00Z,Lake,17,39.02017,-122.57496,,103,,,,,
2019-01-04T10:24:00Z,Tehama,52,40.31759,-122.21032,,103,,,,,
2019-01-04T09:19:00Z,San Diego,37,33.0971179,-117.0242529,,100,,,,,
2019-01-04T09:33:00Z,Tulare,54,36.21634,-118.82989,,100,,,,,
2019-01-04T09:55:00Z,San Bernardino,36,34.22526,-117.40967,,100,,,,,
2019-01-04T10:22:00Z,San Luis Obispo,40,35.56922,-120.12441,,100,,,,,
2019-01-04T10:08:00Z,Monterey,27,35.9352,-121.11936,,96,,,,,
2019-01-04T09:57:00Z,Kern,15,35.1234,-118.72905,,95,,,,,
2019-01-04T09:55:00Z,Mendocino,23,39.038859,-123.38493,,90,,,,,
2019-01-04T09:42:00Z,Lassen,18,40.94666,-121.27049,,89,,,,,
2019-01-04T08:47:00Z,Lassen,18,40.83116,-120.19336,,88,,,,,
2019-01-04T09:13:00Z,Madera,20,37.179167,-119.431667,,88,,,,,
2019-01-04T10:24:00Z,Merced,24,37.056944,-121.01638,,88,,,,,
2019-01-04T08:58:00Z,San Luis Obispo,40,-120.258,-120.258,,80,,,,,
2019-01-04T09:51:00Z,Lake,17,39.06715,-122.59789,,80,,,,,
2019-01-04T10:01:00Z,Calaveras,5,37.95766,-120.68902,,80,,,,,
2019-01-04T09:40:00Z,Santa Barbara,42,34.54305556,-120.3180556,,77,,,,,
2019-01-04T08:58:00Z,Shasta,45,40.5939,-122.17173,,76,,,,,
2019-01-04T09:59:00Z,Fresno,10,36.696879,-119.304499,,76,,,,,
2019-01-04T09:56:00Z,Colusa,6,39.2976,-122.512012,,75,,,,,
2019-01-04T10:21:00Z,Glenn,11,39.65578,-122.58666,,75,,,,,
2019-01-04T10:26:00Z,Riverside,33,33.67815,-117.32281,,73,,,,,
2019-01-04T09:50:00Z,Santa Clara,43,37.22545,-121.79189,,70,,,,,
2019-01-04T09:57:00Z,Santa Clara,43,37.66074,-121.67144,,70,,,,,
2019-01-04T10:07:00Z,Tehama,52,40.394073,-122.135924,,70,,,,,
2019-01-04T10:26:00Z,Riverside,33,33.504964,-117.148204,,70,,,,,
2019-01-04T10:00:00Z,Merced,24,37.08529,-121.09354,,68,,,,,
2019-01-04T09:28:00Z,El Dorado,9,38.645,-120.874167,,67,,,,,
2019-01-04T09:37:00Z,Mendocino,23,39.279833,-123.258319,,67,,,,,
2019-01-04T09:27:00Z,El Dorado,9,38.82128,-121.03918,,66,,,,,
2019-01-04T10:13:00Z,San Benito,35,36.64832,-121.03253,,64,,,,,
2019-01-04T08:57:00Z,Santa Clara,43,37.1769444,-121.6869444,,63,,,,,
2019-01-04T09:38:00Z,Shasta,45,40.741186,-122.649626,,63,,,,,
2019-01-04T09:56:00Z,Riverside,33,33.56349,-116.732032,,63,,,,,
2019-01-04T09:59:00Z,Siskiyou,47,41.83359,-122.99272,,63,,,,,
2019-01-04T10:21:00Z,Stanislaus,50,37.32744,-121.10903,,63,,,,,
2019-01-04T09:54:00Z,Kern,15,34.86022,-118.87881,,62,,,,,
2019-01-04T10:01:00Z,Los Angeles,19,34.53765,-118.75495,,62,,,,,
2019-01-04T10:08:00Z,San Joaquin,39,38.24033,-121.09199,,62,,,,,
2019-01-04T08:50:00Z,Tehama,52,40.346652,-122.308479,,60,,,,,
2019-01-04T09:12:00Z,Lake,17,38.8275,-122.3625,,60,,,,,
2019-01-04T10:06:00Z,Madera,20,37.14663,-119.91223,,60,,,,,
2019-01-04T10:06:00Z,San Luis Obispo,40,35.58354,-120.624135,,60,,,,,
2019-01-04T10:07:00Z,San Luis Obispo,40,35.663607,-120.670311,,60,,,,,
2019-01-04T10:25:00Z,Santa Barbara,42,34.74245,-120.18236,,60,,,,,
2019-01-04T10:23:00Z,San Diego,37,33.35505,-117.03134,,59,,,,,
2019-01-04T08:52:00Z,San Luis Obispo,40,35.17693,-120.48861,,58,,,,,
2019-01-04T09:44:00Z,Lassen,18,40.95234,-121.21597,,56,,,,,
2019-01-04T09:53:00Z,Contra Costa,7,37.79718,-121.85311,,56,,,,,
2019-01-04T10:23:00Z,Madera,20,37.0979,-119.75307,,56,,,,,
2019-01-04T09:00:00Z,San Bernardino,36,34.24138,-117.42431,,53,,,,,
2019-01-04T09:03:00Z,Lassen,18,40.33642,-120.93005,,53,,,,,
2019-01-04T10:05:00Z,Mariposa,22,37.47677,-119.84299,,53,,,,,
2019-01-04T09:46:00Z,Modoc,25,41.50105,-120.61108,,52,,,,,
2019-01-04T09:04:00Z,San Luis Obispo,40,35.30151,-120.64398,,51,,,,,
2019-01-04T09:36:00Z,Shasta,45,40.824,-121.90215,,51,,,,,
2019-01-04T09:51:00Z,Santa Clara,43,37.163594,-121.702547,,51,,,,,
2019-01-04T09:38:00Z,Lake,17,38.91152,-122.86854,,50,,,,,
2019-01-04T09:43:00Z,Tehama,52,40.27754,-122.11375,,50,,,,,
2019-01-03T09:43:00Z,Monterey,27,35.96689,-121.28185,,50,,,,,
2019-01-04T09:14:00Z,Alameda,1,37.69926,-122.02805,,48,,,,,
2019-01-04T09:57:00Z,Contra Costa,7,37.86339,-122.12351,,45,,,,,
2019-01-04T09:22:00Z,Marin,21,38.07135,-122.76751,,45,,,,,
2019-01-04T09:40:00Z,Butte,4,39.57202,-121.43131,,43,,,,,
2019-01-04T09:36:00Z,Riverside,33,33.56921,-116.154398,,40,,,,,
2019-01-04T09:39:00Z,Mariposa,22,37.28365,-119.97546,,40,,,,,
2019-01-04T10:04:00Z,Contra Costa,7,37.779209,-121.908976,,40,,,,,
2019-01-04T10:05:00Z,Butte,4,39.549167,-121.521111,,40,,,,,
2019-01-04T09:35:00Z,San Benito,35,36.796,-121.40604,,39,,,,,
2019-01-04T08:53:00Z,Shasta,45,40.60866,-122.38366,,38,,,,,
2019-01-04T10:16:00Z,San Diego,37,32.78031,-117.06782,,38,,,,,
2019-01-04T09:38:00Z,San Luis Obispo,40,35.64917,-120.71907,,37,,,,,
2019-01-04T10:17:00Z,Siskiyou,47,41.58233,-122.33769,,37,,,,,
2019-01-04T09:11:00Z,Lake,17,38.981389,-122.97222,,36,,,,,
2019-01-04T09:13:00Z,Riverside,33,33.640051,-117.085354,,36,,,,,
2019-01-04T08:49:00Z,Mendocino,23,39.62194,-123.28774,,35,,,,,
2019-01-04T09:23:00Z,Riverside,33,33.759722,-117.460278,,35,,,,,
2019-01-04T09:29:00Z,Shasta,45,40.95673,-121.6002,,35,,,,,
2019-01-04T10:17:00Z,San Benito,35,36.83036,-121.36446,,35,,,,,
2019-01-04T09:16:00Z,Kern,15,35.17156,-118.51651,,34,,,,,
2019-01-04T09:34:00Z,Alameda,1,37.71173,-121.55604,,34,,,,,
2019-01-04T09:39:00Z,Tulare,54,36.42638,-118.70443,,34,,,,,
2019-01-04T09:01:00Z,Butte,4,39.84151,-121.62168,,33,,,,,
2019-01-04T09:46:00Z,Tehama,52,40.00293,-122.44008,,33,,,,,
2019-01-04T09:57:00Z,San Bernardino,36,34.17711,-117.15381,,33,,,,,
2019-01-03T09:44:00Z,Tulare,54,0,0,,33,,,,,
2019-01-04T09:47:00Z,Fresno,10,36.938674,-119.3127769,,32,,,,,
2019-01-04T09:15:00Z,Riverside,33,33.97902,-117.20534,,32,,,,,
2019-01-04T09:42:00Z,Lassen,18,41.08583,-121.05722,,32,,,,,
2019-01-04T10:05:00Z,Lake,17,38.886518,-122.476381,,32,,,,,
2019-01-04T09:53:00Z,Shasta,45,40.62693,-122.23449,,31,,,,,
2019-01-04T09:02:00Z,Santa Clara,43,37.33563,-121.75815,,30,,,,,
2019-01-04T09:17:00Z,Contra Costa,7,37.99618,-122.14097,,30,,,,,
2019-01-04T09:25:00Z,Alameda,1,37.533026,-121.79733,,30,,,,,
2019-01-04T09:30:00Z,Riverside,33,33.85852,-117.43521,,30,,,,,
2019-01-04T09:38:00Z,San Luis Obispo,40,35.68539,-120.95157,,30,,,,,
2019-01-04T09:58:00Z,Sacramento,34,38.595865,-121.17693,,30,,,,,
2019-01-03T09:46:00Z,Fresno,10,35.92436,-119.94083,,30,,,,,
2019-01-04T09:41:00Z,San Diego,37,32.557566,-116.8663,,28,,,,,
2019-01-04T10:24:00Z,Siskiyou,47,41.791859,-122.513883,,27,,,,,
2019-01-04T10:24:00Z,Tulare,54,35.826333,-118.9821,,26,,,,,
2019-01-04T09:04:00Z,Riverside,33,33.80406,-116.93188,,25,,,,,
2019-01-04T10:05:00Z,Contra Costa,7,38.015323,-121.998967,,25,,,,,
2019-01-04T10:20:00Z,San Luis Obispo,40,35.71859,-120.64028,,25,,,,,
2019-01-04T09:11:00Z,Lake,17,38.91842,-122.85276,,24,,,,,
2019-01-04T09:15:00Z,Riverside,33,33.946896,-117.066643,,23,,,,,
2019-01-04T10:19:00Z,Contra Costa,7,37.99113,-121.86473,,23,,,,,
2019-01-04T10:19:00Z,Tehama,52,40.201826,-122.29388,,23,,,,,
2019-01-04T09:24:00Z,Mariposa,22,37.69965,-120.0545,,22,,,,,
2019-01-03T09:46:00Z,Riverside,33,33.86439,-117.48144,,21,,,,,
2019-01-04T08:44:00Z,Contra Costa,7,37.81111,-121.7944,,20,,,,,
2019-01-04T08:45:00Z,Alameda,1,37.61158,-121.94182,,20,,,,,
2019-01-04T09:33:00Z,Santa Clara,43,37.07793,-121.600023,,20,,,,,
2019-01-04T10:04:00Z,Alameda,1,37.627119,-121.806775,,20,,,,,
2019-01-04T10:06:00Z,Riverside,33,33.524412,-116.821724,,20,,,,,
2019-01-04T10:07:00Z,Butte,4,39.602703,-121.617698,,20,,,,,
2019-01-04T10:07:00Z,Los Angeles,19,34.110516,-118.427886,,20,,,,,
2019-01-04T10:27:00Z,Plumas,32,39.89075,-120.18499,,20,,,,,
2019-01-04T10:26:00Z,San Diego,37,33.40178,-117.27467,,18,,,,,
2019-01-03T13:10:00Z,Riverside,33,33.88744,-117.16232,,18,,,,,
2019-01-04T08:50:00Z,Santa Cruz,44,37.0125,-122.046,,17,,,,,
2019-01-04T10:05:00Z,Amador,3,38.265645,-120.892404,,17,,,,,
2019-01-04T10:17:00Z,Riverside,33,33.742,-117.28189,,17,,,,,
2019-01-04T09:19:00Z,Nevada,29,39.10494,-121.07039,,16,,,,,
2019-01-04T09:43:00Z,Humboldt,12,41.34453,-123.85404,,16,,,,,
2019-01-04T10:22:00Z,Santa Clara,43,37.21803,-121.76828,,16,,,,,
2019-01-04T08:55:00Z,Siskiyou,47,41.94046,-122.43933,,15,,,,,
2019-01-04T09:11:00Z,Modoc,25,41.52123,-120.72362,,15,,,,,
2019-01-04T10:26:00Z,Riverside,33,33.467999,-117.003829,,15,,,,,
2019-01-03T09:46:00Z,Riverside,33,33.711263,-116.164058,,15,,,,,
2019-01-04T09:24:00Z,San Diego,37,33.05737,-116.77154,,14,,,,,
2019-01-04T09:41:00Z,San Luis Obispo,40,35.70086,-120.97339,,14,,,,,
2019-01-04T09:45:00Z,Lassen,18,39.99309,-120.02137,,14,,,,,
2019-01-04T10:20:00Z,Yolo,57,38.64953,-122.01762,,14,,,,,
2019-01-04T09:08:00Z,Shasta,45,40.678889,-122.400556,,13,,,,,
2019-01-04T09:39:00Z,San Diego,37,33.04898,-116.78928,,13,,,,,
2019-01-04T10:18:00Z,Fresno,10,36.10499,-120.55324,,13,,,,,
2019-01-04T08:54:00Z,Shasta,45,40.49618,-122.51597,,12,,,,,
2019-01-04T09:03:00Z,El Dorado,9,38.7448,-120.65672,,12,,,,,
2019-01-04T09:47:00Z,San Bernardino,36,34.171786,-117.35606,,12,,,,,
2019-01-04T09:50:00Z,Madera,20,37.22791,-119.50461,,12,,,,,
2019-01-04T10:09:00Z,Marin,21,37.97638,-122.5275,,12,,,,,
2019-01-04T10:11:00Z,San Diego,37,33.40769,-117.22974,,12,,,,,
2019-01-04T10:13:00Z,Siskiyou,47,41.64805,-122.98442,,12,,,,,
2019-01-04T10:17:00Z,San Luis Obispo,40,35.75737,-120.91793,,12,,,,,
2019-01-04T10:23:00Z,Napa,28,38.16303,-122.23059,,12,,,,,
2019-01-04T10:25:00Z,Alameda,1,37.73835,-121.6039,,12,,,,,
2019-01-04T10:25:00Z,San Diego,37,33.12213,-116.58759,,12,,,,,
2019-01-04T09:51:00Z,Butte,4,39.66492,-121.51772,,11,,,,,
2019-01-04T09:52:00Z,Madera,20,37.19817,-119.80414,,11,,,,,
2019-01-04T10:18:00Z,Riverside,33,33.47413,-117.31468,,11,,,,,
2019-01-03T09:45:00Z,Shasta,45,40.4635,-121.77419,,11,,,,,
2019-01-04T08:44:00Z,Santa Cruz,44,37.12857,-122.12036,,10,,,,,
2019-01-04T08:46:00Z,Humboldt,12,40.888785,-124.001849,,10,,,,,
2019-01-04T08:52:00Z,Butte,4,39.93427,-121.54103,,10,,,,,
2019-01-04T09:16:00Z,Riverside,33,33.627006,-117.171731,,10,,,,,
2019-01-04T09:20:00Z,Napa,28,38.27229,-122.26389,,10,,,,,
2019-01-04T09:40:00Z,Siskiyou,47,41.632373,-122.37985,,10,,,,,
2019-01-04T09:55:00Z,San Diego,37,32.619855,-116.764733,,10,,,,,
2019-01-04T09:58:00Z,Butte,4,39.6139,-121.954098,,10,,,,,
2019-01-04T10:03:00Z,San Luis Obispo,40,35.05747,-120.39295,,10,,,,,
2019-01-04T10:04:00Z,Monterey,27,35.77017,-120.57833,,10,,,,,
2019-01-04T10:12:00Z,Sonoma,49,38.245151,-122.44408,,10,,,,,
2019-01-04T10:16:00Z,San Diego,37,32.75072,-116.92404,,10,,,,,
2019-01-04T10:18:00Z,Tehama,52,39.80827,-122.3307,,10,,,,,
2019-01-04T10:18:00Z,Riverside,33,33.45014,-117.22215,,10,,,,,
2019-01-04T10:21:00Z,Riverside,33,33.53924,-116.10231,,10,,,,,
2019-01-04T08:42:00Z,Butte,4,39.71217,-121.77385,,0,,,,,
2019-01-03T15:23:00Z,Humboldt,12,40.70258,-123.55012,,0,,,,,
2019-01-03T09:43:00Z,Santa Barbara,"42,56",0,0,,0,,,,,
2019-01-03T09:43:00Z,Ventura,"42,56",0,0,,0,,,,,
2019-11-02T18:57:00Z,Ventura,56,34.282179,-118.803389,,1806,,,,,
,Mariposa,22,37.536069,-120.177018,,1300,,,,,
,Riverside,33,33.9925,-117.059167,,1011,,,,,
2019-10-28T07:22:00Z,Tehama,52,40.00171,-122.25421,,605,,,,,
2019-11-02T18:44:00Z,Riverside,33,34.01778,-117.4625,,494,,,,,
,Placer,31,38.838992,-121.325842,,355,,,,,
2019-10-11T07:30:00Z,Monterey,"27,40",35.79069,-120.73102,,289,,,,,
2019-10-11T07:30:00Z,San Luis Obispo,"27,40",35.79069,-120.73102,,289,,,,,
,Mariposa,22,37.241427,-120.027731,,149,,,,,
2019-10-19T15:00:00Z,Fresno,10,36.319291,-120.460189,,137,,,,,
,Lassen,18,40.900458,-121.320838,,107,,,,,
2019-10-12T17:22:00Z,Riverside,33,33.8615,-116.897333,,75,,,,,
2019-10-10T12:00:00Z,Contra Costa,7,37.828267,-122.103867,,40,,,,,
2019-10-27T18:05:00Z,San Diego,37,33.259861,-117.027333,,37,,,,,
2019-10-27T13:55:00Z,Alameda,1,37.62782,-121.68598,,35,,,,,
2019-07-18T10:29:00Z,Stanislaus,50,37.420988,-121.371276,,35,,,,,
,Shasta,45,40.463936,-122.435492,,30,,,,,
2019-07-20T08:56:00Z,Calaveras,5,38.115224,-120.78068,,27,,,,,
2019-08-04T06:39:00Z,San Bernardino,36,34.202883,-116.4449,,26,,,,,
2019-07-18T15:58:00Z,San Diego,37,32.794768,-116.839743,,25,,,,,
2019-09-29T21:35:00Z,El Dorado,9,38.538467,-120.965105,,22,,,,,
2019-07-12T19:20:00Z,Alameda,1,37.093243,-121.586846,,22,,,,,
,Contra Costa,7,38.045866,-122.245186,,15,,,,,
2019-08-27T08:54:00Z,Riverside,33,33.463991,-116.914799,,12,,,,,
,Mendocino,23,39.613783,-123.458782,,10,,,,,
2019-09-06T19:48:00Z,Santa Cruz,44,37.178353,-122.07743,,10,,,,,
2019-11-06T19:00:00Z,Sonoma,49,38.792458,-122.780053,,77758,,,,,
,Plumas,32,40.061389,-120.680556,,54612,,,,,
2019-08-11T12:16:00Z,Modoc,25,41.79591,-121.260305,,14217,,,,,
2019-11-21T16:09:00Z,Inyo,14,37.034,-118.345,,10296,,,,,
2019-11-06T18:00:00Z,Ventura,56,34.302212,-118.997115,,9999,,,,,
2019-09-13T19:00:00Z,Tehama,52,40.12,-122.64,,8838,,,,,
2019-10-31T09:10:00Z,Los Angeles,19,34.32988,-118.48161,,8799,,,,,
2019-09-13T07:19:00Z,Modoc,25,41.748,-121.056,,5737,,,,,
,Mariposa,22,37.604638,-119.96606,,5563,,,,,
2019-12-02T16:12:00Z,Tehama,52,40.109,-122.789,,5332,,,,,
,Mono,26,37.826,-118.872,,4840,,,,,
,Los Angeles,19,34.472778,-118.368056,,4615,,,,,
,El Dorado,9,38.724,-120.145,,3435,,,,,
2019-09-04T16:22:00Z,Lassen,18,40.593,-120.581,,3380,,,,,
2019-12-14T08:22:00Z,Santa Barbara,42,34.5025,-119.785,,3126,,,,,
2019-06-26T18:02:00Z,Monterey,27,36.28426,-120.94771,,2546,,,,,
2019-11-14T18:02:00Z,Tehama,52,40.036379,-122.637837,,2534,,,,,
2019-06-17T10:40:00Z,Yolo,57,38.88978,-122.23922,,2512,,,,,
2019-05-09T09:37:00Z,Kern,15,35.72057,-119.62762,,2500,,,,,
2019-08-27T09:01:00Z,Lassen,18,39.892222,-120.029722,,2438,,,,,
2019-06-27T19:06:00Z,Stanislaus,50,37.46577,-121.28312,,2422,,,,,
2019-11-21T16:08:00Z,Inyo,14,36.284,-118.228,,1975,,,,,
2019-09-14T19:00:00Z,Riverside,33,33.528469,-117.273157,,1926,,,,,
,Siskiyou,47,41.862237,-122.662258,,1872,,,,,
2019-06-24T10:25:00Z,San Luis Obispo,40,35.66318,-120.41128,,1764,,,,,
2019-08-17T14:30:00Z,Mexico,62,32.573437,-116.658735,,1507,,,,,
2019-06-17T15:16:00Z,Sutter,51,39.28926,-121.85906,,1350,,,,,
2019-08-18T16:33:00Z,State of Oregon,61,42.033,-122.175,,1301,,,,,
2019-07-16T08:50:00Z,State of Nevada,59,39.631945,-119.769881,,1165,,,,,
2019-06-11T14:49:00Z,San Luis Obispo,40,35.343761,-119.913717,,1127,,,,,
2019-08-11T11:35:00Z,Lassen,18,40.943799,-120.275298,,1020,,,,,
2019-07-09T18:22:00Z,San Luis Obispo,40,35.63111111,-120.2691667,,974,,,,,
2019-06-03T08:44:00Z,San Luis Obispo,40,35.30759,-119.96498,,835,,,,,
2019-08-06T18:42:00Z,Contra Costa,7,37.908362,-121.872941,,757,,,,,
,Tulare,54,36.40193,-119.030621,,756,,,,,
2019-11-05T17:30:00Z,Los Angeles,19,34.098191,-118.478717,,745,,,,,
2019-11-03T18:52:00Z,Mendocino,23,39.22431,-123.12887,,703,,,,,
,Placer,31,38.751648,-121.432636,,604,,,,,
2019-08-26T17:00:00Z,Shasta,45,40.715556,-122.241944,,600,,,,,
2019-06-11T17:14:00Z,Stanislaus,50,37.25988,-121.09375,,600,,,,,
2019-10-07T18:34:00Z,Napa,28,38.165873,-122.211671,,526,,,,,
2019-06-24T11:43:00Z,Riverside,33,33.919507,-117.103765,,525,,,,,
,Riverside,33,33.4853,-117.043723,,520,,,,,
2019-09-13T19:00:00Z,Butte,4,39.45296,-121.412619,,496,,,,,
2019-08-03T09:10:00Z,San Diego,37,32.575556,-117.026667,,448,,,,,
,Kern,15,35.60989,-118.41204,,448,,,,,
,Mariposa,22,37.532028,-120.208019,,423,,,,,
2019-10-21T06:00:00Z,Santa Barbara,42,34.484722,-120.190833,,420,,,,,
,Tulare,54,36.151,-118.185,,381,,,,,
2019-10-13T07:30:00Z,Riverside,33,33.975405,-117.207068,,350,,,,,
2019-11-03T16:15:00Z,Riverside,33,33.985972,-117.414111,,328,,,,,
,Monterey,27,35.908333,-120.984167,,316,,,,,
2019-09-28T18:40:00Z,Butte,4,39.622137,-121.693472,,300,,,,,
2019-07-05T07:50:00Z,San Joaquin,39,37.63206,-121.538382,,283,,,,,
2019-09-12T10:08:00Z,Trinity,53,41.150392,-122.634108,,280,,,,,
2019-08-12T08:20:00Z,Monterey,27,36.008889,-121.466944,,280,,,,,
2019-09-05T08:14:00Z,Ventura,56,34.71011,-119.3547,,279,,,,,
2019-07-06T07:49:00Z,Lassen,18,40.679318,-120.392768,,263,,,,,
2019-09-11T18:30:00Z,Lassen,18,44.734,-120.606,,260,,,,,
2019-06-11T14:48:00Z,Tulare,54,36.18479,-118.99229,,257,,,,,
2019-09-08T18:00:00Z,Riverside,33,33.9369,-117.3063,,250,,,,,
2019-09-18T12:17:00Z,Trinity,53,40.062304,-123.222196,,244,,,,,
,Mariposa,22,37.524378,-120.296551,,244,,,,,
,Alameda,1,37.708743,-121.841879,,240,,,,,
2019-09-26T08:00:00Z,Siskiyou,47,41.4929742,-123.2129356,,227,,,,,
2019-08-17T18:15:00Z,Mendocino,23,39.005262,-123.195306,,225,,,,,
2019-09-27T18:00:00Z,San Luis Obispo,40,35.214364,-120.455883,,220,,,,,
2019-06-30T15:51:00Z,Riverside,33,33.911,-116.980528,,214,,,,,
2019-07-16T06:49:00Z,Madera,20,37.016944,-119.934167,,213,,,,,
2019-07-02T15:51:00Z,Merced,24,37.312877,-120.242411,,210,,,,,
2019-06-11T17:17:00Z,Santa Clara,43,37.21638,-121.70768,,210,,,,,
,Kern,15,34.9008333,-118.9183333,,208,,,,,
2019-06-24T16:56:00Z,Siskiyou,47,39.28926,-121.85906,,207,,,,,
2019-07-16T06:48:00Z,Stanislaus,50,37.944751,-120.84372,,202,,,,,
2019-11-05T09:03:00Z,San Bernardino,36,34.183,-117.285,,200,,,,,
2019-10-28T16:26:00Z,Contra Costa,7,37.99136,-121.64118,,200,,,,,
2019-10-12T18:00:00Z,Ventura,56,34.23955,-119.20187,,200,,,,,
,San Diego,37,32.787656,-116.806941,,200,,,,,
2019-09-14T08:00:00Z,Santa Barbara,42,34.630919,-120.187368,,200,,,,,
2019-07-16T09:00:00Z,Lassen,18,40.072739,-120.158273,,193,,,,,
,Stanislaus,50,37.32585,-121.110146,,190,,,,,
2019-07-10T16:04:00Z,Monterey,27,35.95191,-120.8092,,190,,,,,
,Solano,48,38.158333,-122.118889,,183,,,,,
2019-05-08T08:48:00Z,Kern,15,35.03855,-119.19454,,172,,,,,
2019-09-22T18:00:00Z,Riverside,33,33.635,-116.801111,,167,,,,,
2019-09-03T07:11:00Z,San Benito,35,36.600167,-120.8405,,167,,,,,
2019-06-24T11:45:00Z,Kings,16,35.81778,-120.09715,,161,,,,,
2019-08-17T18:43:00Z,Shasta,45,40.484329,-122.159393,,156,,,,,
2019-08-05T12:25:00Z,Los Angeles,19,34.677864,-118.752395,,156,,,,,
,San Bernardino,36,33.997528,-117.769766,,156,,,,,
2019-06-11T14:48:00Z,Tulare,54,36.28001,-119.10974,,155,,,,,
2019-10-28T16:30:00Z,Contra Costa,7,38.03545,-122.2241,,150,,,,,
,San Diego,37,32.767649,-116.796032,,150,,,,,
2019-06-27T08:26:00Z,Placer,31,38.73817,-121.39419,,148,,,,,
,San Bernardino,36,34.183624,-117.274276,,145,,,,,
2019-06-11T14:40:00Z,Santa Clara,43,37.45899,-121.22093,,144,,,,,
2019-10-28T16:28:00Z,Solano,48,38.07205,-122.22463,,140,,,,,
2019-08-21T18:27:00Z,Alameda,1,37.71734,-121.55867,,139,,,,,
2019-08-27T10:44:00Z,Lassen,18,40.562,-120.544,,131,,,,,
2019-07-15T14:10:00Z,Ventura,56,34.366111,-118.96,,131,,,,,
,Lassen,18,40.886677,-120.336977,,130,,,,,
,Mendocino,23,39.831762,-123.846013,,130,,,,,
2019-05-24T14:23:00Z,Riverside,33,33.650237,-116.172534,,130,,,,,
2019-09-24T18:00:00Z,Santa Clara,43,37.467744,-121.842751,,128,,,,,
2019-07-20T09:05:00Z,Modoc,25,41.909,-120.306,,128,,,,,
2019-06-05T15:07:00Z,Fresno,10,36.66909,-119.3046,,121,,,,,
2019-06-21T14:22:00Z,San Diego,37,33.39684,-117.29665,,120,,,,,
2019-06-11T17:18:00Z,San Luis Obispo,40,35.57376,-120.11738,,120,,,,,
2019-05-08T08:47:00Z,Kern,15,35.65189,-118.92545,,115,,,,,
,Los Angeles,19,34.675542,-118.342239,,105,,,,,
2019-08-02T21:39:00Z,Modoc,25,41.43783,-120.23976,,103,,,,,
2019-08-05T12:27:00Z,Santa Barbara,42,34.665699,-119.94974,,100,,,,,
2019-07-15T17:10:00Z,San Diego,37,32.566389,-116.7525,,100,,,,,
2019-09-22T17:00:00Z,Riverside,33,33.900994,-117.170588,,98,,,,,
2019-10-28T19:31:00Z,San Diego,37,33.055124,-116.742508,,97,,,,,
2019-07-13T15:13:00Z,Riverside,33,33.8128372,-117.1228851,,96,,,,,
,San Luis Obispo,40,35.004722,-120.435278,,95,,,,,
2019-08-06T18:42:00Z,Riverside,33,33.740219,-117.333728,,94,,,,,
,Ventura,56,34.156389,-118.950833,,91,,,,,
,Siskiyou,47,41.749667,-123.000833,,91,,,,,
,San Joaquin,39,37.962557,-121.468074,,90,,,,,
2019-06-26T06:00:00Z,Shasta,45,40.41404,-122.66779,,90,,,,,
2019-09-06T07:24:00Z,El Dorado,9,38.898915,-120.946657,,85,,,,,
2019-08-02T14:03:00Z,Sacramento,34,38.3525,-121.123611,,84,,,,,
2019-09-24T10:21:00Z,Tuolumne,55,37.838333,-120.625556,,83,,,,,
,Siskiyou,47,41.834366,-122.656569,,83,,,,,
2019-08-13T18:00:00Z,Solano,48,38.455,-121.969167,,81,,,,,
,San Bernardino,36,34.42386,-117.10318,,81,,,,,
2019-07-17T21:29:00Z,Riverside,33,33.514658,-116.7884,,81,,,,,
2019-10-24T17:15:00Z,Butte,4,39.551423,-121.800538,,80,,,,,
2019-08-25T13:00:00Z,Riverside,33,33.77777348,-117.487578,,80,,,,,
2019-08-16T18:44:00Z,San Diego,37,32.57394,-116.760465,,80,,,,,
,Santa Clara,43,37.433192,-121.807258,,80,,,,,
2019-07-17T10:00:00Z,Riverside,33,33.56938,-116.07896,,80,,,,,
2019-06-25T13:50:00Z,Yuba,58,39.24678,-121.32399,,80,,,,,
2019-06-24T18:30:00Z,Yuba,58,39.24678,-121.32399,,80,,,,,
2019-11-06T18:30:00Z,Lake,17,39.100408,-122.496548,,75,,,,,
2019-07-02T18:32:00Z,Santa Clara,43,37.18904,-121.694968,,74,,,,,
2019-06-17T08:34:00Z,Yuba,58,39.15641,-121.56363,,70,,,,,
2019-10-09T12:39:00Z,Tehama,52,39.847708,-122.1604,,68,,,,,
,Marin,21,37.896231,-122.636471,,67,,,,,
,Calaveras,5,38.20177,-120.827386,,67,,,,,
2019-09-02T10:08:00Z,Monterey,27,35.906482,-120.992914,,66,,,,,
2019-05-24T14:28:00Z,Placer,31,39.11536,-120.76088,,65,,,,,
,Napa,28,38.481258,-122.143942,,64,,,,,
2019-10-03T12:03:00Z,Glenn,11,41.70611111,-123.4375,,63,,,,,
2019-05-24T14:23:00Z,Tehama,52,39.98097,-122.30737,,63,,,,,
2019-10-27T12:11:00Z,San Mateo,41,37.166674,-122.361112,,62,,,,,
,Santa Clara,43,37.219717,-121.761974,,60,,,,,
2019-09-12T18:49:00Z,Butte,4,39.470333,-121.412333,,58,,,,,
,Contra Costa,7,37.968494,-121.678172,,58,,,,,
2019-10-16T13:44:00Z,Lassen,18,40.387772,-120.304341,,55,,,,,
2019-06-24T11:46:00Z,Riverside,33,33.57039,-116.1466,,55,,,,,
2019-09-08T07:00:00Z,Lake,17,38.955024,-122.833831,,53,,,,,
,San Luis Obispo,40,35.189783,-120.1755,,52,,,,,
2019-09-25T20:00:00Z,San Diego,37,32.87833333,-116.88,,52,,,,,
,San Diego,37,32.564583,-116.834583,,50,,,,,
2019-10-28T16:26:00Z,Contra Costa,7,37.97911,-122.11092,,50,,,,,
2019-08-02T17:00:00Z,Sacramento,34,38.622058,-121.114095,,50,,,,,
2019-06-17T08:46:00Z,Napa,28,38.63047,-122.47282,,50,,,,,
2019-05-08T08:47:00Z,Butte,4,39.85484,-121.905,,50,,,,,
2019-07-15T18:19:00Z,Santa Clara,43,37.32555556,-121.7644444,,47,,,,,
2019-06-11T17:18:00Z,Tulare,54,35.89593,-118.94106,,47,,,,,
2019-08-13T16:15:00Z,Shasta,45,40.46968,-122.54364,,46,,,,,
2019-06-24T11:43:00Z,Tehama,52,39.97083,-122.48277,,46,,,,,
2019-06-03T08:48:00Z,Riverside,33,33.69078,-114.57265,,45,,,,,
2019-09-05T19:56:00Z,San Joaquin,39,38.017138,-120.945044,,44,,,,,
2019-06-17T08:46:00Z,Monterey,27,35.97059,-120.88241,,43,,,,,
2019-10-31T14:16:00Z,Los Angeles,19,34.055768,-118.554091,,42,,,,,
2019-10-10T19:05:00Z,Shasta,45,40.4988,-122.19911,,42,,,,,
,Yuba,58,39.06066,-121.35014,,38,,,,,
,Santa Clara,43,37.034183,-121.45597,,35,,,,,
2019-08-16T10:35:00Z,El Dorado,9,38.652475,-120.826165,,35,,,,,
,Siskiyou,47,41.838,-122.845,,35,,,,,
2019-06-17T08:46:00Z,Santa Clara,43,37.44422,-121.84082,,35,,,,,
,Riverside,33,33.854597,-117.270144,,34,,,,,
2019-08-23T23:00:00Z,Riverside,33,33.4506,-116.857817,,34,,,,,
2019-08-10T15:07:00Z,Yolo,57,39.171091,-121.423281,,33,,,,,
2019-06-04T16:03:00Z,Tulare,54,36.23012,-118.85712,,33,,,,,
2019-10-11T16:21:00Z,San Luis Obispo,40,35.709176,-120.312856,,30,,,,,
,Solano,48,38.07944444,-122.2561111,,30,,,,,
,Shasta,45,40.55924,-122.25409,,30,,,,,
2019-07-06T20:03:00Z,Shasta,45,40.41741,-122.767256,,30,,,,,
2019-06-24T11:06:00Z,Alameda,1,37.75427,-121.57382,,30,,,,,
2019-04-10T10:23:00Z,Riverside,33,0,0,,30,,,,,
2019-01-15T10:38:00Z,Humboldt,12,40.61805556,-123.6755556,,30,,,,,
2019-10-07T09:58:00Z,Santa Clara,43,37.066483,-121.219163,,29,,,,,
2019-08-06T18:43:00Z,Kern,15,35.287373,-118.623651,,29,,,,,
2019-09-05T10:03:00Z,Lake,17,38.910498,-122.642572,,28,,,,,
2019-06-30T16:50:00Z,San Diego,37,32.62305556,-116.9141667,,28,,,,,
2019-06-11T14:50:00Z,Placer,31,38.75263,-121.39259,,27,,,,,
2019-05-24T14:23:00Z,Riverside,33,33.81678,-117.18194,,26,,,,,
,Lake,17,38.88913,-122.604425,,25,,,,,
,Fresno,10,36.154184,-120.634179,,25,,,,,
2019-08-28T08:54:00Z,Mexico,"62,37",32.557546,-116.873955,,25,,,,,
2019-08-28T08:54:00Z,San Diego,"62,37",32.557546,-116.873955,,25,,,,,
2019-07-05T03:20:00Z,Alameda,1,37.469,-121.3697,,25,,,,,
2019-06-11T14:48:00Z,Tulare,54,36.14246,-118.80582,,25,,,,,
2019-07-05T14:58:00Z,Contra Costa,7,37.99837,-122.16201,,24,,,,,
2019-06-17T08:49:00Z,Solano,48,38.21416,-122.12214,,24,,,,,
2019-06-11T14:47:00Z,Contra Costa,7,38.02503,-121.9763,,23,,,,,
2019-05-19T09:26:00Z,San Diego,37,32.557566,-116.8663,,22,,,,,
2019-08-08T17:12:00Z,Tuolumne,55,37.949747,-120.420058,,21,,,,,
2019-08-14T18:51:00Z,Colusa,6,39.088333,-122.309167,,20,,,,,
2019-08-12T08:21:00Z,Riverside,33,33.909792,-117.004667,,20,,,,,
2019-08-11T10:28:00Z,Lake,17,38.99174,-122.7751,,20,,,,,
2019-07-11T08:26:00Z,Riverside,33,33.69055556,-116.953889,,20,,,,,
2019-06-27T17:36:00Z,Riverside,33,33.80493,-117.15738,,20,,,,,
2019-11-01T08:55:00Z,Riverside,33,33.849906,-117.461363,,19,,,,,
2019-09-30T09:05:00Z,Riverside,33,33.703546,-117.033598,,19,,,,,
2019-08-31T12:50:00Z,Alameda,1,37.718636,-121.657011,,19,,,,,
2019-10-04T10:39:00Z,Stanislaus,50,37.429506,-121.336465,,18,,,,,
2019-09-04T20:33:00Z,San Benito,35,36.732866,-121.39478,,17,,,,,
2019-06-27T08:48:00Z,Santa Clara,43,37.494136,-121.534827,,17,,,,,
2019-06-24T11:06:00Z,Butte,4,39.76242,-121.73659,,17,,,,,
2019-06-17T10:39:00Z,Siskiyou,47,41.64895,-122.35962,,17,,,,,
2019-09-24T14:52:00Z,Shasta,45,40.612556,-122.039167,,16,,,,,
2019-08-14T18:52:00Z,El Dorado,9,38.703889,-120.890556,,16,,,,,
2019-09-10T19:27:00Z,Siskiyou,47,41.512917,-122.740333,,15,,,,,
2019-09-06T08:00:00Z,San Bernardino,36,34.353667,-117.343833,,15,,,,,
2019-06-24T11:44:00Z,San Diego,37,33.30267,-116.97772,,15,,,,,
2019-07-31T06:47:00Z,El Dorado,9,38.757636,-120.75664,,13,,,,,
2019-10-08T17:51:00Z,Alameda,1,37.606,-121.853,,12,,,,,
2019-06-29T18:20:00Z,Butte,4,39.32889,-121.23431,,12,,,,,
2019-10-22T13:30:00Z,San Bernardino,36,34.033117,-117.21545,,11,,,,,
2019-10-07T11:03:00Z,Tehama,52,40.314187,-122.070055,,11,,,,,
2019-09-13T21:43:00Z,Stanislaus,50,37.492002,-120.401028,,11,,,,,
2019-09-02T19:13:00Z,Alameda,1,37.545167,-121.596667,,11,,,,,
2019-10-16T13:50:00Z,San Diego,37,32.762706,-117.097441,,10,,,,,
2019-10-08T09:52:00Z,Tehama,52,39.847708,-122.160416,,10,,,,,
2019-09-25T17:00:00Z,Amador,3,38.332083,-120.67131,,10,,,,,
2019-09-10T10:45:00Z,Riverside,33,33.496633,-116.631106,,10,,,,,
,Butte,4,39.423833,-121.579738,,10,,,,,
2019-06-21T14:23:00Z,Siskiyou,47,41.94622,-122.40157,,10,,,,,
2019-05-08T08:47:00Z,Butte,4,39.83958,-121.957,,10,,,,,
2019-10-10T18:11:00Z,Riverside,33,33.827979,-117.499619,,9,,,,,
2019-06-28T17:33:00Z,Nevada,29,39.40972222,-121.0005556,,2,,,,,
,Yolo,57,38.734634,-121.729691,,,,,,,
,San Diego,37,33.351145,-117.403719,,,,,,,
,Riverside,33,33.45148,-116.05898,,,,,,,
